Workbook

Sheet 人員一覧・判定
A1: SIDEX-ACDR2026（シンガポール, 2026/10/27-30）ADRC派遣スタッフ一覧と判定
A2: 作成: 2026/9/4（第1版・所内打合せ用ドラフト） 根拠: Gmail（ACDR2026関連スレッド）、Googleドライブ（ACDR2026事前協議チェックリスト、月次ToDo、動態表ACDR2023）、添付（ホテル部屋数検討用リスト_tt.xlsx 8/28、ACDR2026予算.xlsx 8/21、ACDR2026_Demarcation_asof0805.pptx、Draft Agenda 0805r）／v1（9/4）: 日本側サポート（中村・山口）を追記。根拠: ACDR2025動態表(as of 11/26)・荒木田9/4指示／v1_3（9/4）: 児玉修正（宮木・児玉・池田・Gerryフライト、Gerry=研究部次長）を反映し、関連セルを更新。寺坂→立部の備考取り違えを修正（児玉指摘）／v2（9/4 所内打合せ反映）: 森口=SC担当で現地参加見込、藤本=撮影主担当、宮木・児玉は内閣府に張り付かず臨機応変、27日午前に全員で会場下見、29-30日の参加者誘導、26日夜エリック長官夕食会、日本側との接続・運用テスト等を追記／v2_1（9/4）: 藤本・塩見の本人承諾を反映し「確定」に。ドレスコードとCOSEMとの役割分担を「COSEM協議事項」シートに整理／v2_2（9/6）: 宮木・児玉の10/25泊が必要と確認（25日23:40着、荒木田 9/6 WhatsApp）。JAXA登壇者＝川北氏で確定。次回COSEM合同会議は第5回（9/15オンライン、Sylvia 6/18・内閣府8/31資料）に訂正／v2_3（9/6）: WhatsApp「ACDR2026 Coordination Team」（6/15–9/2）の要点を反映。Peridot 202-205拡張（8/24）、会場無償（8/25）、コーヒーブレイクOption 1（8/26）、LTC Yong Kai（司会・モデレーター 7/30）、Field Trip帰着17:00・パレード18:00着席（8/26）、無料パス13名承認待ち、Gala挨拶枠・MOU・日本パビリオンをプログラム項目（G）として追加／v2_4（9/6）: 吉田のフライトをフィンエアー（AY1534/AY131 10/26 18:40着、AY132/AY1531 10/30 22:05発）に変更（吉田 9/6 メール）
A4: No. | B4: 氏名 | C4: Name | D4: 役職 | E4: 現地参加の確定度 | F4: 往路 | G4: 復路 | H4: 宿泊 | I4: デマケ上の担当（8/6版） | J4: 会期中の主な現地役割（本表での想定） | K4: 要確認・備考
A5: 1 | B5: 三浦 房紀 | C5: MIURA Fusanori | D5: センター長(Chairman) | E5: 確定 | F5: 10/26 SQ655 福岡09:30→SIN15:00 | G5: 10/31 SQ656 SIN01:20→福岡08:10 | H5: Dorsett 10/26-30 (5泊) | I5: ACDR2026 Opening 挨拶／SC出席 | J5: VIP対応（ADRC代表）。Opening (12:45)、Roundtable、SC、Gala、大使公邸レセプション、SIDEX Keynote出席 | K5: パスポート更新済み（7月）。復路は10/30深夜発扱い
A6: 2 | B6: 北本 政行 | C6: KITAMOTO Masayuki | D6: 常務理事 | E6: 確定 | F6: 10/26 SQ637 成田10:00→SIN16:30 | G6: 10/30 SQ638 SIN23:55→成田10/31 07:30 | H6: Dorsett 10/26-30 (5泊) | I6: （役員として出席） | J6: VIP対応。初参加のため事前ブリーフィング要。10/30は最終日夜に出発 | K6: 初参加。8/7・9/4打合せに出席。Dorsett宿泊は8/28リストで確認
A7: 3 | B7: 宮木 一寛 | C7: MIYAKI Kazuhiro | D7: 所長 | E7: 確定（フライト要確認） | F7: 10/25 NH2178 ITM 14:00 → NRT 15:30 NH803 NRT 17:00 → SIN 23:40 | G7: 10/31 NH802 SIN 06:35 → NRT 14:30 | H7: 10/25泊 必要（NH803 23:40着）→宿泊先（Dorsett/任意）を至急決定・手配。26日以降はDorsettシート「所長」行(10/26-30) | I7: 全体総括／内閣府との連絡調整／Bi-meeting／SC議長(内閣府)との調整／広報(記者クラブ) | J7: 全体総括。内閣府・COSEMとの調整に臨機応変に対応（内閣府には張り付かない。空港出迎え不要＝公用車。林統括官の英語対応はADRCには求められず大使館側）。Opening/VIP Tourに同行、SC進行補佐、Field Trip参加（9/4） | K7: フライト確定（児玉 9/4）。25日泊が必要と確認（荒木田 9/6, WhatsApp Coordination Team）。宿泊先（Dorsett/任意）は未定。10/26夜エリック長官夕食会（調整中）
A8: 4 | B8: 児玉 美樹 | C8: KODAMA Miki | D8: 研究部長 | E8: 確定（フライト要確認） | F8: 10/25 NH2178 ITM 14:00 → NRT 15:30 NH803 NRT 17:00 → SIN 23:40 | G8: 10/31 NH802 SIN 06:35 → NRT 14:30 NH2177 NRT 17:35 → ITM 19:00 | H8: Hotel Mi Bencoolen（Mシート: 10/26-30）→10/25泊の追加手配 必要（9/6確認） | I8: Bi-meeting／Welcome Reception(Program, MC)／レセプション手配／PC等機材サポート | J8: 現場統括。内閣府・COSEMとの調整に臨機応変に対応（ロジ専任にしない）。大使公邸レセプション（10/27）の設営・進行、10/29の事務局撤収（藤中と2名）、バイ会談調整（9/4） | K8: フライト確定（児玉 9/4）。10/25 23:40着のため25日泊が必要（荒木田 9/6, WhatsApp）。Hotel Miの10/25泊を追加手配。10/26夜エリック長官夕食会（調整中）。10/31 06:35発
A9: 5 | B9: 荒木田 勝 | C9: ARAKIDA Masaru | D9: リサーチフェロー | E9: 確定 | F9: 10/26 NH843 羽田00:25→SIN06:55 | G9: 10/30 NH844 SIN22:20→羽田10/31 05:55 | H9: Hotel Mi Bencoolen（Mシート: 10/26-30） | I9: 総括(PL)／Opening & Closing／SIDEX Conference／Field Trip／会場手配・機材／Zoom当日 | J9: 全体統括。Opening/Closing進行、会場・AV・Zoom/AI翻訳の当日運用、Field Trip引率、Google等リソース対応 | K9: 10/30 22:20発のためClosing後〜Day3午後まで在場。
A10: 6 | B10: 吉田 真紀 | C10: YOSHIDA Maki | D10: プロジェクト研究員（ジュネーブ） | E10: 確定 | F10: 10/25 AY1534 GVA 19:05 → HEL 23:10 AY131 HEL 00:05 → SIN 10/26 18:40 | G10: 10/30 AY132 SIN 22:05 → HEL 10/31 05:45 AY1531 HEL 07:55 → GVA 10:00 | H10: Hotel Mi Bencoolen（Mシート: 10/26-30） | I10: Roundtable(PIC)／Announcement／Web登録・コレポン／航空券(メンバー国)／Field Trip／Welcome Reception | J10: Roundtableセッション運営（ステートメント回収・共同モデレーター補佐）、レセプション進行補佐、Field Trip引率、参加者対応 | K10: フライト変更（吉田 9/6）: フィンエアー経由に変更、10/26 18:40着・10/30 22:05発。到着が夕方になるため10/26日中のDorsett到着対応には入れない。Hotel Mi 10/26-30泊はそのまま
A11: 7 | B11: 藤中 純子 | C11: FUJINAKA Junko | D11: 管理部 | E11: 確定 | F11: 10/25 TR819 関空11:30→SIN17:30 | G11: 11/1 TR818 SIN03:05→関空10:15 | H11: Hotel Mi Bencoolen 10/25-31 (7泊) | I11: レセプション手配／予算管理／契約・支払／宿泊・送迎の確認／SC議案・会計報告 | J11: 受付デスク（会場・レセプション）、ホテル・バス・支払の現地対応、SC事務、日当支払 | K11: 先発隊。10/25着で前日準備
A12: 8 | B12: 田中 智美 | C12: TANAKA Tomomi | D12: 事務局(ACDR2026 Secretariat) | E12: 確定 | F12: 10/25 TR819 関空11:30→SIN17:30 | G12: 11/1 TR818 SIN03:05→関空10:15 | H12: Hotel Mi Bencoolen 10/25-31 (7泊) | I12: Announcement／Web登録確認・コレポン／航空券／VISA／宿泊・送迎(COSEM調整)／お礼状／日当 | J12: 受付デスク（会場・レセプション）、参加者リスト・名札(QR)管理、ホテル・送迎の現地コレポン、リソース対応 | K12: 先発隊。
A13: 9 | B13: 池田 誠 | C13: IKEDA Makoto | D13: 主任研究員 | E13: 確定（便名要確認） | F13: 10/26 SQ619 関空10:05→SIN16:00 | G13: 10/31 SQ622 SIN01:30→関空08:35 | H13: Hotel Mi Bencoolen（候補欄・未割当） | I13: Technical Session(PIC)／SIDEX Exhibition調整／会場手配・機材／PC等機材 | J13: Technical Session運営（登壇者対応・進行）、AV/PC操作（Day1）、SIDEX展示・Japan Pavilion連携 | K13: 便名確定（児玉 9/4）。復路の表記要確認: K Line見積(7/30)ではSQ622=14:25発→21:25着、01:30発→08:35着はSQ618。来週ネパール出張のためTS準備のフォローは荒木田（9/4）
A14: 10 | B14: ジェラルド・エヘム・ポトゥタン | C14: Gerald Ejem Potutan | D14: 研究部次長 | E14: 確定（便名要確認） | F14: 10/26 SQ619 関空10:05→SIN16:00 | G14: 10/31 SQ622 SIN01:30→関空08:35 | H14: Hotel Mi Bencoolen（候補欄・未割当） | I14: 副総括／Concept Note／Roundtable／Draft Summary／広報／SCサマリーメモ | J14: Roundtable共同運営、Draft Summary執筆（Day1夜〜Day2朝）、SCメモ、必要に応じTechnical Session共同議長候補 | K14: 便名確定（児玉 9/4）。復路の表記要確認: K Line見積(7/30)ではSQ622=14:25発→21:25着、01:30発→08:35着はSQ618
A15: 11 | B15: ミザン ビスリ | C15: Mizan Bisri | D15: 研究員 | E15: 見込（手配未確認） | F15: 未確認 | G15: 未確認 | H15: Hotel Mi Bencoolen（候補欄・未割当） | I15: Technical Session(PIC)／SIDEX Exhibition調整／Draft Summary | J15: Technical Session ADRC側Co-Chair（有力案）。登壇者（JAXA・EOS-NTU・DOST・BRIN/ネパール代替・ウズベキスタン）との調整・当日進行 | K15: 。出張が多く（8/23-29フィジー等）日程確保を至急確認 前後は厳しいが期間中は可能。 フライト未取得（9/4）
A16: 12 | B16: 藤本 絢子 | C16: FUJIMOTO Ayako | D16: 主任 | E16: 確定（本人承諾 9/4、手配未） | F16: 未手配（要手配） | G16: 未手配（要手配） | H16: Hotel Mi Bencoolen（候補欄）→要手配 | I16: アジェンダ(補)／広報・Flyer／Zoom webinar設定／Webサイト／各種リスト出力(リソース・研究部)／会議参加証明 | J16: 撮影（写真・動画）を主担当（児玉 9/4）。加えて公邸レセプションの設営補助、Zoom/AI翻訳の現地一次対応、参加者誘導 | K16: 本人承諾済み（9/4、荒木田）。フライト・Hotel Miを至急手配。10月はVR準備あり
... A23: 19 | B23: 田原 麻衣 | C23: TAHARA Mai | D23: 管理部 | E23: 国内（オンライン登録） | F23: ― | G23: ― | H23: ― | I23: 管理部（役員対応） | J23: 神戸で管理部業務 | K23: ―
A24: 20 | B24: 立部 知保里 | C24: TATEBE Chihori | D24: 研究員 | E24: 国内（オンライン登録） | F24: ― | G24: ― | H24: ― | J24: 神戸 | K24: トルコ研修調整で多忙（児玉 5/18）
B26: 集計（自動計算）
B27: 現地参加 確定（フライト要確認含む） | E27: =COUNTIF(E5:E24,"確定*") -> 12
B28: 見込・候補（手配未了） | E28: =COUNTIF(E5:E24,"見込*")+COUNTIF(E5:E24,"候補*") -> 2
B29: 未定 | E29: =COUNTIF(E5:E24,"未定*") -> 0
B30: うち役員（三浦・北本・宮木）＝運営要員から除く | E30: 3
B31: 実働運営要員（確定＋見込(Mizan)−役員） | E31: =E27+COUNTIF(E5:E24,"見込*")-E30 -> 11 | F31: ← ACDR2023（ドゥシャンベ）の現地運営要員は役員（小川・笹原）を除き8名（堀池・藤中・田中・荒木田・児玉・塩見・Potutan・吉田）。今回は同数だが、公邸レセプション・Gala・Parade・SIDEX連携が加わる
B32: （参考）藤本・塩見を除く場合 | E32: =E31-2 -> 9 | F32: ← 両名は9/4に本人承諾済みのため、E31（実働運営要員）に含めている
B33: 日本側サポート（中村・山口 確定、寺坂・伊達 仮置き） | E33: =COUNTIF(E5:E24,"国内サポート（確定）") -> 2
B34: 凡例
C35: 確定（航空券発券済み／確定情報あり）
C36: 見込・候補（本人可または担当割当済みだが手配未了）
C37: 未定（打診中・根拠不足）
C38: 国内・オンライン参加

Sheet 動態表(日別)
A1: ACDR2026 動態表（日別 AM/PM） as of 4 Sep 2026 v2_1
G2: 10/26夜: エリック長官夕食会（宮木・北本・三浦・児玉、調整中）
A3: Staff | B3: 10/24(土) | D3: 10/25(日) | F3: 10/26(月) | H3: 10/27(火) | J3: 10/28(水) | L3: 10/29(木) | N3: 10/30(金) | P3: 10/31(土) | R3: 11/1(日)
B4: AM | C4: PM | D4: AM | E4: PM | F4: AM | G4: PM | H4: AM | I4: PM | J4: AM | K4: PM | L4: AM | M4: PM | N4: AM | O4: PM | P4: AM | Q4: PM | R4: AM | S4: PM
A5: PROGRAM | F5: 参加者到着(Dorsett) | G5: 参加者到着(〜深夜)／Day-1準備 | H5: 参加者到着／会場・名札準備 | I5: 16:00設営→19:00-21:00 大使公邸レセプション | J5: 07:30会場テスト／10:00 Joint Opening／VIP Tour | K5: 12:45 ACDR Opening／13:00 Roundtable／15:45 SC／18:30 Gala | L5: 09:30 Technical Session／11:45 Closing | M5: 13:00〜 Field Trip(CDA)／18:30 SCDF Parade & Dinner | N5: 09:00 SIDEX Keynote/Panel1 | O5: 13:50 Exhibition Tour／15:00 Panel2／16:30閉会／夜:出発 | P5: 参加者出発(見送り) | Q5: 参加者出発
A6: =人員一覧・判定!B5 -> 三浦 房紀 | F6: FUK-SIN(SQ655) | G6: SIN着15:00/Dorsett/夜:エリック長官夕食会(調整中) | H6: 会場下見(全員)/資料確認 | I6: レセプション(VIP) | J6: Joint Opening/VIP Tour | K6: ACDR Opening挨拶/RT/SC/Gala | L6: Tech Session/Closing | M6: Field Trip/Parade Dinner | N6: SIDEX Keynote | O6: Panel2/閉会 | P6: SIN-FUK(SQ656 01:20)
A7: =人員一覧・判定!B6 -> 北本 政行 | F7: NRT-SIN(SQ637) | G7: SIN着16:30/Dorsett/夜:エリック長官夕食会(調整中) | H7: 会場下見(全員)→ブリーフィング(荒木田) | I7: レセプション(VIP) | J7: Joint Opening/VIP Tour | K7: RT/SC/Gala | L7: Tech Session/Closing | M7: Field Trip/Parade Dinner | N7: SIDEX Keynote | O7: Panel2/閉会/SIN-NRT(SQ638 23:55) | P7: NRT着07:30
A8: =人員一覧・判定!B7 -> 宮木 一寛 | E8: ITM-NRT-SIN(NH2178/NH803) 23:40着 | F8: 内閣府到着対応準備/COSEM調整 | G8: 内閣府到着確認(出迎え不要・公用車)/COSEM調整/夜:エリック長官夕食会(調整中) | H8: 会場下見(全員)→COSEM・内閣府調整 | I8: レセプション(内閣府随行・大使対応) | J8: 事務局・受付設営/Opening/VIP Tour(内閣府に同行) | K8: ACDR Opening/RT/SC進行補佐/Gala | L8: Tech Session/Closing | M8: Field Trip/Parade Dinner | N8: SIDEX Keynote(内閣府随行) | O8: Panel2/閉会 | P8: SIN-NRT(NH802 06:35)
A9: =人員一覧・判定!B8 -> 児玉 美樹 | E9: ITM-NRT-SIN(NH2178/NH803) 23:40着 | F9: Dorsett受付準備/COSEM打合せ | G9: Dorsettフロント対応(到着ピーク)/接続テスト①/夜:エリック長官夕食会(調整中) | H9: 会場下見(全員)→公邸・ケータリング最終確認 | I9: 16:00公邸設営/MC・進行 | J9: 07:30会場テスト/事務局設営/Opening/COSEM調整 | K9: RT/SC/Gala引率 | L9: Tech Session/Closing | M9: 事務局撤収(藤中と)/Parade Dinner | N9: SIDEX Keynote | O9: Exhibition Tour/Panel2/閉会 | P9: SIN-NRT-ITM(NH802 06:35)
A10: =人員一覧・判定!B9 -> 荒木田 勝 | F10: SIN着06:55(NH843)/会場・機材確認 | G10: Dorsettフロント対応/内閣府到着対応/日本側(中村・山口)とZoom・AI通訳接続テスト①(JST 15-17) | H10: 会場下見引率(全員)→北本ブリーフ/持込PCで接続テスト② | I10: 日本側と接続テスト②(Webinar・AI通訳・録画, JST 14-17)→公邸設営/レセプション運営 | J10: 07:30会場・NWテスト/Zoom/Opening進行 | K10: ACDR Opening進行/RT運営(AV)/SC/Gala | L10: Tech Session(AV・Zoom)/Summary/Closing進行 | M10: Field Trip引率 | N10: SIDEX Keynote(リソース対応) | O10: Exhibition Tour/Panel2/閉会/SIN-HND(NH844 22:20) | P10: HND着05:55
A11: =人員一覧・判定!B10 -> 吉田 真紀 | D11: GVA-HEL(AY1534 19:05発) | E11: HEL-SIN(AY131 00:05発) | F11: フライト移動中(AY131) | G11: SIN着18:40→Hotel Mi/夜:参加者対応 | H11: 会場下見(全員)→公邸・ケータリング最終確認 | I11: 16:00公邸設営/受付/進行補佐 | J11: Opening/参加者誘導 | K11: RT運営(PIC)/SC/Gala引率 | L11: Tech Session(記録) | M11: Field Trip引率/ホテル→EXPO誘導(パレード)/Parade Dinner | N11: Dorsett→EXPO誘導/SIDEX Keynote | O11: Panel2/閉会/SIN-HEL(AY132 22:05) | P11: HEL経由 GVA着10:00
A12: =人員一覧・判定!B11 -> 藤中 純子 | D12: KIX-SIN(TR819) | E12: SIN着17:30/Hotel Mi | F12: COSEM打合せ/Dorsett受付準備 | G12: Dorsettフロント対応(到着ピーク) | H12: Dorsett受付(下見は交代で)/名札セット | I12: 公邸受付/名札配布 | J12: 受付デスク(Peridot) | K12: 受付/SC事務(会計報告)/Gala | L12: 受付デスク/支払 | M12: 事務局撤収(児玉と)/精算/Parade Dinner | N12: SIDEX(受付・清算) | O12: 出発案内/支払 | P12: 見送り/清算 | Q12: SIN-KIX(TR818 11/1 03:05) | R12: SIN-KIX(TR818 03:05) | S12: KIX着10:15
A13: =人員一覧・判定!B12 -> 田中 智美 | D13: KIX-SIN(TR819) | E13: SIN着17:30/Hotel Mi | F13: 名札(QR)受取/リスト確認 | G13: Dorsettフロント対応(到着ピーク) | H13: Dorsett受付(下見は交代で)/送迎確認 | I13: 公邸受付/名札配布 | J13: 受付デスク(Peridot) | K13: 受付/RT/Gala引率 | L13: Dorsett→EXPO誘導/受付デスク | M13: Field Trip名簿/ホテル→EXPO誘導(パレード)/Parade Dinner | N13: Dorsett→EXPO誘導/SIDEX(受付) | O13: 出発案内(送迎) | P13: 見送り | Q13: SIN-KIX(TR818 11/1 03:05) | R13: SIN-KIX(TR818 03:05) | S13: KIX着10:15
A14: =人員一覧・判定!B13 -> 池田 誠 | F14: KIX-SIN(SQ619) | G14: SIN着16:00/Hotel Mi/日本側と接続テスト①に合流 | H14: 会場下見(全員)→Japan Pavilion確認/接続テスト② | I14: 16:00公邸設営補助/レセプション | J14: 07:30会場テスト/AV・PC操作 | K14: RT(AV・PC)/Gala | L14: Tech Session運営(PIC) | M14: Field Trip or SIDEX展示調整/Parade Dinner | N14: SIDEX Keynote | O14: Exhibition Tour(誘導)/Panel2 | P14: SIN-KIX(01:30発 便名要確認)
A15: =人員一覧・判定!C14 -> Gerald Ejem Potutan | F15: KIX-SIN(SQ619) | G15: SIN着16:00/Hotel Mi | H15: 会場下見(全員)→RT準備 | I15: 16:00公邸設営補助/レセプション | J15: Opening | K15: RT運営(共同)/ノート/SCメモ/Gala | L15: Tech Session(ノート)/Draft Summary | M15: Field Trip/Parade Dinner | N15: SIDEX Keynote/Summary | O15: Panel2/閉会 | P15: SIN-KIX(01:30発 便名要確認)
A16: =人員一覧・判定!C15 -> Mizan Bisri | F16: (未手配) | G16: (未手配) | H16: 会場下見(全員)→登壇者対応 | I16: 16:00公邸設営補助/レセプション | J16: Opening | K16: RT(ノート)/Gala | L16: Tech Session Co-Chair | M16: Field Trip/Parade Dinner | N16: SIDEX Keynote | O16: Panel2/閉会 | P16: (未手配)
A17: =人員一覧・判定!B18 -> 森口 芳隆 | F17: （未手配） | G17: （未手配） | H17: 会場下見・動線確認(全員)/SC資料準備 | I17: 公邸設営補助/レセプション | J17: 事務局部屋設営/Joint Opening | K17: ACDR Opening/RT/SC事務(議案・進行・会計報告)/Gala | L17: Tech Session/Closing | M17: Field Trip/Parade Dinner | N17: SIDEX Keynote/SCサマリー | O17: Panel2/閉会 | P17: （帰国 未手配）
A18: =人員一覧・判定!B16 -> 藤本 絢子 | F18: KIX-SIN(未手配) | G18: SIN着/Dorsettフロント対応 | H18: 会場下見(全員)→公邸・ケータリング最終確認/撮影準備 | I18: 16:00公邸設営・MC進行確認/撮影 | J18: Zoom・AI翻訳/写真 | K18: 受付/Zoom/写真/Gala | L18: Zoom・AI翻訳/写真 | M18: Japan Pavilion/参加者誘導 | N18: SIDEX(写真・誘導) | O18: Exhibition Tour誘導/閉会 | P18: 見送り/帰国
A19: =人員一覧・判定!B17 -> 塩見 有美 | F19: KIX-SIN(未手配) | G19: SIN着/Dorsettフロント対応 | H19: 会場下見(全員)→到着者対応 | I19: 16:00公邸設営補助/レセプション | J19: Opening/参加者誘導 | K19: RT記録・サマリー補助/Gala | L19: Dorsett→EXPO誘導/Tech Session記録 | M19: Field Trip/ホテル→EXPO誘導(パレード)/Parade Dinner | N19: SIDEX Keynote/サマリー | O19: Panel2/閉会 | P19: 帰国
A20: 在場人数(役員・森口・藤本・塩見含む) | B20: =COUNTA(B6:B19)-COUNTIF(B6:B19,"*未手配*")-COUNTIF(B6:B19,"*要確認*")-COUNTIF(B6:B19,"*NRT着*")-COUNTIF(B6:B19,"*HND着*")-COUNTIF(B6:B19,"*KIX着*")-COUNTIF(B6:B19,"*GVA着*") -> 0 | C20: =COUNTA(C6:C19)-COUNTIF(C6:C19,"*未手配*")-COUNTIF(C6:C19,"*要確認*")-COUNTIF(C6:C19,"*NRT着*")-COUNTIF(C6:C19,"*HND着*")-COUNTIF(C6:C19,"*KIX着*")-COUNTIF(C6:C19,"*GVA着*") -> 0 | D20: =COUNTA(D6:D19)-COUNTIF(D6:D19,"*未手配*")-COUNTIF(D6:D19,"*要確認*")-COUNTIF(D6:D19,"*NRT着*")-COUNTIF(D6:D19,"*HND着*")-COUNTIF(D6:D19,"*KIX着*")-COUNTIF(D6:D19,"*GVA着*") -> 3 | E20: =COUNTA(E6:E19)-COUNTIF(E6:E19,"*未手配*")-COUNTIF(E6:E19,"*要確認*")-COUNTIF(E6:E19,"*NRT着*")-COUNTIF(E6:E19,"*HND着*")-COUNTIF(E6:E19,"*KIX着*")-COUNTIF(E6:E19,"*GVA着*") -> 5 | F20: =COUNTA(F6:F19)-COUNTIF(F6:F19,"*未手配*")-COUNTIF(F6:F19,"*要確認*")-COUNTIF(F6:F19,"*NRT着*")-COUNTIF(F6:F19,"*HND着*")-COUNTIF(F6:F19,"*KIX着*")-COUNTIF(F6:F19,"*GVA着*") -> 10 | G20: =COUNTA(G6:G19)-COUNTIF(G6:G19,"*未手配*")-COUNTIF(G6:G19,"*要確認*")-COUNTIF(G6:G19,"*NRT着*")-COUNTIF(G6:G19,"*HND着*")-COUNTIF(G6:G19,"*KIX着*")-COUNTIF(G6:G19,"*GVA着*") -> 12 | H20: =COUNTA(H6:H19)-COUNTIF(H6:H19,"*未手配*")-COUNTIF(H6:H19,"*要確認*")-COUNTIF(H6:H19,"*NRT着*")-COUNTIF(H6:H19,"*HND着*")-COUNTIF(H6:H19,"*KIX着*")-COUNTIF(H6:H19,"*GVA着*") -> 14 | I20: =COUNTA(I6:I19)-COUNTIF(I6:I19,"*未手配*")-COUNTIF(I6:I19,"*要確認*")-COUNTIF(I6:I19,"*NRT着*")-COUNTIF(I6:I19,"*HND着*")-COUNTIF(I6:I19,"*KIX着*")-COUNTIF(I6:I19,"*GVA着*") -> 14 | ... S20: =COUNTA(S6:S19)-COUNTIF(S6:S19,"*未手配*")-COUNTIF(S6:S19,"*要確認*")-COUNTIF(S6:S19,"*NRT着*")-COUNTIF(S6:S19,"*HND着*")-COUNTIF(S6:S19,"*KIX着*")-COUNTIF(S6:S19,"*GVA着*") -> 0
A21: うち藤本・塩見 | B21: =COUNTA(B18:B19)-COUNTIF(B18:B19,"*未手配*")-COUNTIF(B18:B19,"*要確認*")-COUNTIF(B18:B19,"*NRT着*")-COUNTIF(B18:B19,"*HND着*")-COUNTIF(B18:B19,"*KIX着*")-COUNTIF(B18:B19,"*GVA着*") -> 0 | C21: =COUNTA(C18:C19)-COUNTIF(C18:C19,"*未手配*")-COUNTIF(C18:C19,"*要確認*")-COUNTIF(C18:C19,"*NRT着*")-COUNTIF(C18:C19,"*HND着*")-COUNTIF(C18:C19,"*KIX着*")-COUNTIF(C18:C19,"*GVA着*") -> 0 | D21: =COUNTA(D18:D19)-COUNTIF(D18:D19,"*未手配*")-COUNTIF(D18:D19,"*要確認*")-COUNTIF(D18:D19,"*NRT着*")-COUNTIF(D18:D19,"*HND着*")-COUNTIF(D18:D19,"*KIX着*")-COUNTIF(D18:D19,"*GVA着*") -> 0 | E21: =COUNTA(E18:E19)-COUNTIF(E18:E19,"*未手配*")-COUNTIF(E18:E19,"*要確認*")-COUNTIF(E18:E19,"*NRT着*")-COUNTIF(E18:E19,"*HND着*")-COUNTIF(E18:E19,"*KIX着*")-COUNTIF(E18:E19,"*GVA着*") -> 0 | F21: =COUNTA(F18:F19)-COUNTIF(F18:F19,"*未手配*")-COUNTIF(F18:F19,"*要確認*")-COUNTIF(F18:F19,"*NRT着*")-COUNTIF(F18:F19,"*HND着*")-COUNTIF(F18:F19,"*KIX着*")-COUNTIF(F18:F19,"*GVA着*") -> 0 | G21: =COUNTA(G18:G19)-COUNTIF(G18:G19,"*未手配*")-COUNTIF(G18:G19,"*要確認*")-COUNTIF(G18:G19,"*NRT着*")-COUNTIF(G18:G19,"*HND着*")-COUNTIF(G18:G19,"*KIX着*")-COUNTIF(G18:G19,"*GVA着*") -> 2 | H21: =COUNTA(H18:H19)-COUNTIF(H18:H19,"*未手配*")-COUNTIF(H18:H19,"*要確認*")-COUNTIF(H18:H19,"*NRT着*")-COUNTIF(H18:H19,"*HND着*")-COUNTIF(H18:H19,"*KIX着*")-COUNTIF(H18:H19,"*GVA着*") -> 2 | I21: =COUNTA(I18:I19)-COUNTIF(I18:I19,"*未手配*")-COUNTIF(I18:I19,"*要確認*")-COUNTIF(I18:I19,"*NRT着*")-COUNTIF(I18:I19,"*HND着*")-COUNTIF(I18:I19,"*KIX着*")-COUNTIF(I18:I19,"*GVA着*") -> 2 | ... S21: =COUNTA(S18:S19)-COUNTIF(S18:S19,"*未手配*")-COUNTIF(S18:S19,"*要確認*")-COUNTIF(S18:S19,"*NRT着*")-COUNTIF(S18:S19,"*HND着*")-COUNTIF(S18:S19,"*KIX着*")-COUNTIF(S18:S19,"*GVA着*") -> 0
A22: ※自動計算は『記入があり、かつ未手配・要確認・日本側到着(NRT着/HND着/KIX着/GVA着)を除く』人数で、フライト移動中を含む。藤本・塩見・森口は本人承諾/参加見込だがフライト未手配のため、手配前の日は「未手配」表記で件数から外れる。
A24: 日本側サポート（神戸） ※JST = SGT + 1時間
A25: =人員一覧・判定!B19 -> 中村 | F25: Webinar/Zoom/AI通訳 設定・リハーサル | G25: 現地(荒木田・池田)と接続テスト①(JST 15-17) | H25: AI通訳ツール最終設定 | I25: Webinar・Zoomホスト設定/接続テスト②(JST 14-17)/SCリハ(Q&A確認) | J25: Webinar開始/AI通訳監視 (JST 9:30-) | K25: RT・SC: Q&A/コメント確認・AI通訳監視 | L25: TS: Q&A/コメント確認・AI通訳監視 | M25: （配信なし）ログ回収 | N25: （SIDEX配信はSCDF側） | O25: Webinar/Zoom終了処理
A26: =人員一覧・判定!B20 -> 山口 | F26: 録画設定テスト(クラウド+ローカル) | H26: 録画リハーサル | I26: 接続テスト②(録画・Q&A確認)/SCリハ録画 | J26: Opening/RT 録画・オンライン質疑 | K26: SC 録画 | L26: TS/Closing 録画・オンライン質疑 | M26: 録画データ整理・保存 | O26: 録画データ整理・保存
A27: =人員一覧・判定!B22 -> 寺坂 佳津子 | H27: 録画テスト(日英2台) ※仮置き | J27: 録画(日英)ローカル保存 ※仮置き | K27: 録画(日英)ローカル保存 ※仮置き | L27: 録画(日英)ローカル保存 ※仮置き
A28: =人員一覧・判定!B21 -> 伊達 孝 | H28: Webinar設定・ホスト/録画確認 ※仮置き | J28: Webinarホスト・録画確認 ※仮置き | K28: SC Zoom設定 ※仮置き | L28: Webinarホスト・録画確認 ※仮置き
A29: ※中村・山口は荒木田指示（9/4）により確定。寺坂・伊達はACDR2025の実績に基づくバックアップの仮置きで、本人未確認。

Sheet 27Oct(Day0)
A1: 27 OCT 2026 (TUE) Day 0: 参加者到着・大使公邸レセプション（SJ60 Commemorative Reception） ※27日午前: 全員で会場下見・ホテル動線確認（会場は27日午後以降しか使えないため設営不可、持込PCでの接続テストのみ）
B3: 7:00 | D3: 8:00 | F3: 9:00 | H3: 10:00 | J3: 11:00 | L3: 12:00 | N3: 13:00 | P3: 14:00 | R3: 15:00 | T3: 16:00 | V3: 17:00 | X3: 18:00 | Z3: 19:00 | AB3: 20:00 | AD3: 21:00 | AF3: 22:00
A4: PROGRAM | B4: 参加者到着(Dorsett): 07:15モルディブ/08:10スリランカ/08:45アルメニア・トルコ・ウズベキスタン/11:15パキスタン/11:20インドネシア | L4: 到着: 12:20マレーシア/14:30ブルネイ/14:50タイ/15:10ミャンマー | T4: 大使公邸 設営（名札セット持込・受付配置） | Y4: レセプション 18:30開始(大使挨拶・乾杯・内閣府発表) 20:00中締め | AC4: 撤収
A6: =人員一覧・判定!B5 -> 三浦 房紀 | X6: レセプション出席(VIP)
A7: =人員一覧・判定!B6 -> 北本 政行 | H7: 会場下見(全員 9-11)→事前ブリーフィング(荒木田) | X7: レセプション出席(VIP)
A8: =人員一覧・判定!B7 -> 宮木 一寛 | F8: 会場下見(全員 9-11)→COSEM・内閣府調整（出迎え不要） | W8: レセプション(大使・内閣府対応)
A9: =人員一覧・判定!B8 -> 児玉 美樹 | F9: 会場下見(全員 9-11)→公邸・ケータリング最終確認 | T9: 公邸設営・MC進行確認 | Y9: MC/進行
A10: =人員一覧・判定!B9 -> 荒木田 勝 | F10: 会場下見引率(全員 9-11) | H10: →北本ブリーフ(11:00-) | N10: 機材・Zoom・AI通訳準備／日本側(中村・山口)と接続テスト②(JST14-17) | T10: 公邸設営・運営・撤収
A11: =人員一覧・判定!B10 -> 吉田 真紀 | F11: 会場下見(全員 9-11)→公邸・ケータリング最終確認 | T11: 公邸受付準備 | Y11: 受付/進行補佐
A12: =人員一覧・判定!B11 -> 藤中 純子 | D12: Dorsett受付(到着者対応)／下見は交代で | T12: 公邸受付準備(名札セット) | Y12: 受付/名札配布
A13: =人員一覧・判定!B12 -> 田中 智美 | D13: Dorsett受付(到着者・送迎確認)／下見は交代で | T13: 公邸受付準備 | Y13: 受付/名札配布
A14: =人員一覧・判定!B13 -> 池田 誠 | F14: 会場下見(全員 9-11)→Japan Pavilion確認 | N14: 機材準備／日本側と接続テスト②(録画・Q&A確認) | W14: レセプション(設営補助)
A15: =人員一覧・判定!C14 -> Gerald Ejem Potutan | F15: 会場下見(全員 9-11)→RT/Summary準備 | T15: 公邸設営補助 | W15: レセプション
A16: =人員一覧・判定!C15 -> Mizan Bisri | F16: 会場下見(全員 9-11)→登壇者連絡・接続テスト | T16: 公邸設営補助 | W16: レセプション
A17: =人員一覧・判定!B18 -> 森口 芳隆 | F17: 会場下見・動線確認(全員) | J17: SC資料準備 | T17: 公邸設営補助 | Y17: レセプション
A18: =人員一覧・判定!B16 -> 藤本 絢子 | F18: 会場下見(全員 9-11)→公邸・ケータリング最終確認/撮影準備 | T18: 公邸設営・MC進行確認 | Y18: 写真
A19: =人員一覧・判定!B17 -> 塩見 有美 | F19: 会場下見(全員 9-11)→到着者対応(ウズベキスタン等) | T19: 公邸設営補助 | W19: レセプション受付補助
A20: 稼働人数(自動) | B20: =COUNTA(B5:B19) -> 0 | C20: =COUNTA(C5:C19) -> 0 | D20: =COUNTA(D5:D19) -> 2 | E20: =COUNTA(E5:E19) -> 0 | F20: =COUNTA(F5:F19) -> 10 | G20: =COUNTA(G5:G19) -> 0 | H20: =COUNTA(H5:H19) -> 2 | I20: =COUNTA(I5:I19) -> 0 | ... AG20: =COUNTA(AG5:AG19) -> 0
A21: ※稼働人数は各30分列で「文字が入っている先頭セル」のみを数えるため、結合セルの2列目以降は0扱い。人数の目安として『同時刻に業務が始まる人数』を示す（正確な在場人数は動態表(日別)を参照）。
A22: ギャップ: (1) 18:30-21:00に受付(名札セット配布100-120名)・MC・VIP対応・写真・バス誘導(Dorsett→公邸)が同時発生。受付2名(藤中・田中)＋吉田で名札配布、写真担当が空白。(2) 27日午前は全員で会場下見のため、Dorsettは藤中・田中のみ。午後はDorsett到着対応と公邸設営準備が並行し、荒木田・池田は機材、児玉は公邸に張り付くため、Dorsettに残るのは藤中・田中の2名のみ。
A24: 日本側サポート（神戸）※列はシンガポール時間、JSTは+1時間
A25: =人員一覧・判定!B19 -> 中村 | F25: AI通訳ツール最終設定 (JST10-13) | N25: 接続テスト②: Webinar/Zoomホスト設定・現地(荒木田・池田)と接続 (JST14-17)
A26: =人員一覧・判定!B20 -> 山口 | F26: 録画設定テスト(クラウド+ローカル) | N26: 接続テスト②参加・録画リハ
A27: =人員一覧・判定!B22 -> 寺坂 佳津子 | N27: 録画テスト(日英2台) ※仮置き
A28: =人員一覧・判定!B21 -> 伊達 孝 | N28: Webinar設定・ホスト/録画確認 ※仮置き
A29: ※寺坂・伊達はACDR2025の実績（録画日英2台・Webinarホスト確認）に基づく仮置き。WebinarとZoomはクラウド録画をバックアップとし、ローカルにも保存（2025年運用）。

Sheet 28Oct(Day1)
A1: 28 OCT 2026 (WED) Day 1: Joint Opening / ACDR Opening / Roundtable / SC / Gala Dinner
B3: 7:00 | D3: 8:00 | F3: 9:00 | H3: 10:00 | J3: 11:00 | L3: 12:00 | N3: 13:00 | P3: 14:00 | R3: 15:00 | T3: 16:00 | V3: 17:00 | X3: 18:00 | Z3: 19:00 | AB3: 20:00 | AD3: 21:00 | AF3: 22:00
A4: PROGRAM | C4: 会場・NW最終テスト(演台・客席・事務局部屋)／事務局部屋立上げ／Hotel Mi→EXPO バス | H4: Joint Opening (Hall 3) | I4: VIP Tour(Japan Pavilion Opening)／11:15表敬 | K4: Lunch (Hall 3) | M4: ACDR Opening | N4: Roundtable (Peridot) SCDFモデレーター+メンバー国Co-Mod | S4: Steering Committee | W4: Dorsett 17:30発→Orchard Hotel | Y4: SIDEX Gala Dinner (Grand Ballroom)
A6: =人員一覧・判定!B5 -> 三浦 房紀 | G6: Joint Opening/VIP Tour | M6: ACDR Opening 挨拶 | N6: Roundtable | S6: SC | W6: Gala
A7: =人員一覧・判定!B6 -> 北本 政行 | G7: Joint Opening/VIP Tour | M7: Opening/Roundtable | S7: SC | W7: Gala
A8: =人員一覧・判定!B7 -> 宮木 一寛 | F8: Opening/VIP Tour(内閣府に同行、随行ではない) | M8: Opening/RT(内閣府随行) | S8: SC(議長=内閣府 補佐) | W8: Gala(内閣府随行)
A9: =人員一覧・判定!B8 -> 児玉 美樹 | C9: 会場テスト/事務局部屋 | G9: COSEM調整・VIP動線(臨機応変) | M9: RT(バイ会談調整) | S9: SC | V9: Gala引率(バス)
A10: =人員一覧・判定!B9 -> 荒木田 勝 | C10: 会場・NW・Zoom・AI通訳テスト／日本側と接続確認 | G10: Opening進行確認/VIP Tour同行 | M10: ACDR Opening進行 | N10: RT AV/Zoom運用 | S10: SC(記録) | W10: Gala
A11: =人員一覧・判定!B10 -> 吉田 真紀 | D11: RT準備(ステートメント・席札) | G11: 参加者誘導(Hall3→昼食) | M11: RT運営(PIC) | S11: SC補助 | V11: Gala引率
A12: =人員一覧・判定!B11 -> 藤中 純子 | D12: 受付デスク設営・運営(Peridot) | M12: 受付/RT | S12: SC事務(会計報告) | W12: Gala
A13: =人員一覧・判定!B12 -> 田中 智美 | D13: 受付デスク設営・運営(Peridot) | M13: 受付/RT | S13: 受付 | V13: Gala引率(名簿)
A14: =人員一覧・判定!B13 -> 池田 誠 | C14: 会場AVテスト／日本側と接続確認 | G14: Japan Pavilion連携 | M14: RT PC・スクリーン操作 | S14: SC(AV) | W14: Gala
A15: =人員一覧・判定!C14 -> Gerald Ejem Potutan | C15: 事務局部屋・受付デスク設営 | D15: 受付デスク設営 | G15: Opening | M15: RT共同運営/ノート | S15: SCメモ | W15: Gala | AD15: Draft Summary執筆
A16: =人員一覧・判定!C15 -> Mizan Bisri | C16: 事務局部屋・受付デスク設営 | D16: 受付デスク設営 | G16: Opening | M16: RTノート/翌日登壇者対応 | S16: 登壇者リハ調整 | W16: Gala
A17: =人員一覧・判定!B18 -> 森口 芳隆 | C17: 事務局部屋設営 | G17: Joint Opening | M17: ACDR Opening/RT | S17: SC事務(議案・進行・会計報告) | W17: Gala
A18: =人員一覧・判定!B16 -> 藤本 絢子 | C18: Zoom/AI翻訳セットアップ | G18: 写真/誘導 | M18: Zoom・AI翻訳オペ/写真 | W18: Gala(写真)
A19: =人員一覧・判定!B17 -> 塩見 有美 | C19: 事務局部屋・受付デスク設営 | D19: 受付デスク設営 | G19: 参加者誘導 | M19: RT記録 | S19: SC記録補助 | W19: Gala
A20: 稼働人数(自動) | B20: =COUNTA(B5:B19) -> 0 | C20: =COUNTA(C5:C19) -> 8 | D20: =COUNTA(D5:D19) -> 6 | E20: =COUNTA(E5:E19) -> 0 | F20: =COUNTA(F5:F19) -> 1 | G20: =COUNTA(G5:G19) -> 11 | H20: =COUNTA(H5:H19) -> 0 | I20: =COUNTA(I5:I19) -> 0 | ... AG20: =COUNTA(AG5:AG19) -> 0
A21: ※稼働人数は各30分列で「文字が入っている先頭セル」のみを数えるため、結合セルの2列目以降は0扱い。人数の目安として『同時刻に業務が始まる人数』を示す（正確な在場人数は動態表(日別)を参照）。
A22: ギャップ: (1) 07:30-09:30 会場テストと同時にHotel Mi→EXPOバス・Dorsett出発対応が必要だが、機材担当(荒木田・池田)がテスト、事務局・受付設営はGerry・Mizan・塩見(推奨)・森口が担当。(2) 10:00-11:45 Hall3(Opening/VIP Tour)とPeridot(受付・設営)に分かれ、VIP随行(宮木・児玉・荒木田)が抜ける間のPeridot側は藤中・田中・吉田のみ。(3) Roundtable中はAV/Zoom(荒木田・池田)、進行(吉田・Gerry)、ノート(Gerry・Mizan)、受付(藤中・田中)で全員が張り付き、写真・バイ会談・急病等の予備要員がゼロ。(4) Gala出発17:30はSC終了16:45の45分後で、撤収要員が不足。
A24: 日本側サポート（神戸）※列はシンガポール時間、JSTは+1時間
A25: =人員一覧・判定!B19 -> 中村 | D25: Webinar起動・AI通訳・現地接続確認 (JST9-10:30) | M25: ACDR Opening/RT: Q&A・コメント確認・AI通訳監視 | S25: SC: Zoom設定・Q&A確認
A26: =人員一覧・判定!B20 -> 山口 | D26: 録画準備 | M26: Opening/RT 録画・オンライン質疑取次 | S26: SC 録画
A27: =人員一覧・判定!B22 -> 寺坂 佳津子 | M27: 録画(日英2台)ローカル保存 ※仮置き
A28: =人員一覧・判定!B21 -> 伊達 孝 | D28: Webinarホスト・録画確認 ※仮置き | S28: SC Zoom設定 ※仮置き
A29: ※寺坂・伊達はACDR2025の実績（録画日英2台・Webinarホスト確認）に基づく仮置き。WebinarとZoomはクラウド録画をバックアップとし、ローカルにも保存（2025年運用）。

Sheet 29Oct(Day2)
A1: 29 OCT 2026 (THU) Day 2: Technical Session / Closing / Field Trip (CDA) / SCDF Parade & Dinner ※28日はSCDF側がDorsett→会場を引率、29・30日はADRC側で誘導。パレード前はホテルで着替え後EXPOへ再移動（誘導要）
B3: 7:00 | D3: 8:00 | F3: 9:00 | H3: 10:00 | J3: 11:00 | L3: 12:00 | N3: 13:00 | P3: 14:00 | R3: 15:00 | T3: 16:00 | V3: 17:00 | X3: 18:00 | Z3: 19:00 | AB3: 20:00 | AD3: 21:00 | AF3: 22:00
A4: PROGRAM | D4: 会場準備(ステージ前方へ・テーブルマイク)／登壇者集合・接続確認 | G4: Technical Session (Peridot) SCDF+ADRC Co-Chair | K4: Summary & Closing | L4: Lunch | N4: Field Trip: Civil Defence Academy（Flyer 8/26版は13:00発） | Y4: SCDF Parade (Hall 4) | AB4: Parade Dinner (Garnet Room)
A6: =人員一覧・判定!B5 -> 三浦 房紀 | G6: Tech Session/Closing | N6: Field Trip | Y6: Parade & Dinner
A7: =人員一覧・判定!B6 -> 北本 政行 | G7: Tech Session/Closing | N7: Field Trip | Y7: Parade & Dinner
A8: =人員一覧・判定!B7 -> 宮木 一寛 | G8: Tech Session/Closing(内閣府随行) | N8: Field Trip | Y8: Parade & Dinner
A9: =人員一覧・判定!B8 -> 児玉 美樹 | D9: 会場準備 | G9: Tech Session(バイ会談調整) | N9: 事務局撤収(藤中と2名)/バイ会談 | Y9: Parade & Dinner
A10: =人員一覧・判定!B9 -> 荒木田 勝 | D10: AV/Zoom準備・登壇者確認／日本側と接続確認 | G10: Tech Session AV/Zoom運用 | K10: Summary/Closing進行 | M10: Field Trip引率(バス) | Y10: Parade & Dinner
A11: =人員一覧・判定!B10 -> 吉田 真紀 | D11: 参加者誘導・Field Trip名簿 | G11: Tech Session記録 | M11: Field Trip引率(バス) | V11: ホテル→EXPO誘導(パレード) | Y11: Parade & Dinner
A12: =人員一覧・判定!B11 -> 藤中 純子 | D12: 受付デスク/支払・清算 | N12: 事務局撤収(児玉と2名)/ホテル・バス精算 | Y12: Parade & Dinner
A13: =人員一覧・判定!B12 -> 田中 智美 | D13: Dorsett→EXPO誘導(8-9)→受付デスク/登壇者受付 | M13: Field Trip名簿/バス点呼 | V13: ホテル→EXPO誘導(パレード) | Y13: Parade & Dinner
A14: =人員一覧・判定!B13 -> 池田 誠 | D14: 登壇者集合・スライド確認／日本側と接続確認 | G14: Tech Session運営(PIC) | N14: SIDEX展示/Japan Pavilion調整 | Y14: Parade & Dinner
A15: =人員一覧・判定!C14 -> Gerald Ejem Potutan | D15: Draft Summary仕上げ | G15: Tech Sessionノート | K15: Summary | N15: Field Trip | Y15: Parade & Dinner
A16: =人員一覧・判定!C15 -> Mizan Bisri | D16: 登壇者対応・進行確認 | G16: Tech Session ADRC Co-Chair | N16: Field Trip | Y16: Parade & Dinner
A17: =人員一覧・判定!B18 -> 森口 芳隆 | G17: Tech Session/Closing | N17: Field Trip | Y17: Parade & Dinner
A18: =人員一覧・判定!B16 -> 藤本 絢子 | D18: Zoom/AI翻訳準備 | G18: Zoom・AI翻訳オペ/写真 | N18: Field Trip写真 or 事務局撤収 | Y18: Parade(写真)
A19: =人員一覧・判定!B17 -> 塩見 有美 | D19: Dorsett→EXPO誘導 | G19: Tech Session記録/サマリー補助 | N19: Field Trip | V19: ホテル→EXPO誘導(パレード) | Y19: Parade & Dinner
A20: 稼働人数(自動) | B20: =COUNTA(B5:B19) -> 0 | C20: =COUNTA(C5:C19) -> 0 | D20: =COUNTA(D5:D19) -> 10 | E20: =COUNTA(E5:E19) -> 0 | F20: =COUNTA(F5:F19) -> 0 | G20: =COUNTA(G5:G19) -> 12 | H20: =COUNTA(H5:H19) -> 0 | I20: =COUNTA(I5:I19) -> 0 | ... AG20: =COUNTA(AG5:AG19) -> 0
A21: ※稼働人数は各30分列で「文字が入っている先頭セル」のみを数えるため、結合セルの2列目以降は0扱い。人数の目安として『同時刻に業務が始まる人数』を示す（正確な在場人数は動態表(日別)を参照）。
A22: ギャップ: (1) Technical SessionはMizan=Co-Chair、池田=PIC、荒木田=AV/Zoomで、登壇者6名（JAXA・EOS-NTU/BRIN・DOST/ネパール・Google・ウズベキスタン・日本）の個別対応と時間管理を行う『フロア担当』が不在。(2) 11:45-12:00のSummary & ClosingはRT(前日)の要約が前提で、Gerryが前夜〜当朝に単独で執筆する構造。塩見の記録補助があれば負荷分散できる。(3) Field Trip(13:00発)と事務局撤収・Day3準備・バイ会談が同時進行し、荒木田・吉田・田中が引率で抜けるため、会場に残るのは児玉・藤中・池田。 (4) 29・30日はSCDFの引率がないため、朝のDorsett→EXPO誘導と、パレード前のホテル→EXPO誘導（着替え後、渋滞リスク）に担当を置く。ドレスコード（Gala/Parade Dinner/公邸）は藤中が確認しGIで周知。
A24: 日本側サポート（神戸）※列はシンガポール時間、JSTは+1時間
A25: =人員一覧・判定!B19 -> 中村 | D25: Webinar起動・AI通訳・現地接続確認 (JST9-10:30) | G25: TS/Closing: Q&A・コメント確認・AI通訳監視 | N25: Webinar終了処理・ログ回収
A26: =人員一覧・判定!B20 -> 山口 | D26: 録画準備 | G26: TS/Closing 録画・オンライン質疑取次 | N26: 録画データ整理・保存
A27: =人員一覧・判定!B22 -> 寺坂 佳津子 | G27: 録画(日英)ローカル保存 ※仮置き
A28: =人員一覧・判定!B21 -> 伊達 孝 | D28: Webinarホスト・録画確認 ※仮置き
A29: ※寺坂・伊達はACDR2025の実績（録画日英2台・Webinarホスト確認）に基づく仮置き。WebinarとZoomはクラウド録画をバックアップとし、ローカルにも保存（2025年運用）。

Sheet 30Oct(Day3)
A1: 30 OCT 2026 (FRI) Day 3: SIDEX-ACDR Keynote / Panels / Exhibition Tour / Closing / 出発
B3: 7:00 | D3: 8:00 | F3: 9:00 | H3: 10:00 | J3: 11:00 | L3: 12:00 | N3: 13:00 | P3: 14:00 | R3: 15:00 | T3: 16:00 | V3: 17:00 | X3: 18:00 | Z3: 19:00 | AB3: 20:00 | AD3: 21:00 | AF3: 22:00
A4: PROGRAM | F4: Keynote & Panel 1 (Hall 3) | L4: Lunch | O4: Exhibition Tour | R4: Panel 2 | U4: Closing Ceremony | V4: 出発: 荒木田22:20/北本23:55/吉田22:05/アゼルバイジャン23:15/インドネシア22:40/モンゴル23:55、三浦・韓国は10/31 01:20-01:35
A6: =人員一覧・判定!B5 -> 三浦 房紀 | F6: Keynote/Panel1 | O6: Exhibition Tour/Panel2/Closing | AD6: 空港へ(SQ656 01:20)
A7: =人員一覧・判定!B6 -> 北本 政行 | F7: Keynote/Panel1 | O7: Exhibition Tour/Panel2/Closing | AC7: 空港へ(SQ638 23:55)
A8: =人員一覧・判定!B7 -> 宮木 一寛 | F8: Keynote/Panel1 | O8: Exhibition Tour/Panel2/Closing | V8: 内閣府見送り/総括
A9: =人員一覧・判定!B8 -> 児玉 美樹 | F9: Keynote/Panel1 | O9: Exhibition Tour(誘導)/Panel2 | V9: 出発対応(Dorsett)・COSEM精算打合せ
A10: =人員一覧・判定!B9 -> 荒木田 勝 | F10: Keynote/Panel1(リソース対応) | O10: Exhibition Tour/Panel2/Closing | V10: 総括・引継ぎ | AA10: 空港へ(NH844 22:20)
A11: =人員一覧・判定!B10 -> 吉田 真紀 | D11: Dorsett→EXPO誘導 | F11: Keynote/Panel1 | O11: Exhibition Tour/Panel2 | V11: 参加者出発案内 | AB11: 空港へ(AY132 22:05)
A12: =人員一覧・判定!B11 -> 藤中 純子 | F12: 受付/清算 | O12: 会場(受付) | V12: Dorsett出発対応・支払
A13: =人員一覧・判定!B12 -> 田中 智美 | D13: Dorsett→EXPO誘導 | F13: 受付 | O13: 会場(受付) | V13: Dorsett出発対応・送迎確認
A14: =人員一覧・判定!B13 -> 池田 誠 | F14: Keynote/Panel1 | O14: Exhibition Tour誘導(Japan Pavilion) | R14: Panel2/Closing | V14: 機材撤収 | AE14: 空港へ(01:30発)
A15: =人員一覧・判定!C14 -> Gerald Ejem Potutan | F15: Keynote/Panel1/Summary最終化 | O15: Exhibition Tour/Panel2 | AE15: 空港へ(01:30発)
A16: =人員一覧・判定!C15 -> Mizan Bisri | F16: Keynote/Panel1 | O16: Exhibition Tour/Panel2
A17: =人員一覧・判定!B18 -> 森口 芳隆 | F17: Keynote/Panel1/SCサマリー | O17: Exhibition Tour/Panel2/Closing | V17: 帰国準備(便未定)
A18: =人員一覧・判定!B16 -> 藤本 絢子 | F18: 写真/誘導 | O18: Exhibition Tour誘導/写真 | V18: 出発対応
A19: =人員一覧・判定!B17 -> 塩見 有美 | F19: Keynote記録 | O19: 参加者誘導 | V19: 出発対応
A20: 稼働人数(自動) | B20: =COUNTA(B5:B19) -> 0 | C20: =COUNTA(C5:C19) -> 0 | D20: =COUNTA(D5:D19) -> 2 | E20: =COUNTA(E5:E19) -> 0 | F20: =COUNTA(F5:F19) -> 14 | G20: =COUNTA(G5:G19) -> 0 | H20: =COUNTA(H5:H19) -> 0 | I20: =COUNTA(I5:I19) -> 0 | ... AG20: =COUNTA(AG5:AG19) -> 0
A21: ※稼働人数は各30分列で「文字が入っている先頭セル」のみを数えるため、結合セルの2列目以降は0扱い。人数の目安として『同時刻に業務が始まる人数』を示す（正確な在場人数は動態表(日別)を参照）。
A22: ギャップ: (1) 10/30夜〜10/31午前に出発が集中（メンバー国15組以上、役員3名）し、荒木田・吉田・北本・三浦が当夜に、池田・Gerryが深夜（01:30発）に、宮木・児玉が10/31早朝（06:35発）に離脱する。10/31朝の見送り・ホテル清算は藤中・田中の2名のみになる。(2) Exhibition Tour(13:50-14:50)でメンバー国参加者をJapan Pavilionへ誘導する担当が池田1名。
A24: 日本側サポート（神戸）※列はシンガポール時間、JSTは+1時間
A25: =人員一覧・判定!B19 -> 中村 | F25: （SIDEX配信はSCDF側）Webinar/Zoom終了処理・AI通訳ログ整理
A26: =人員一覧・判定!B20 -> 山口 | F26: 録画データ整理・保存（報告書・Highlights用）
A27: ※寺坂・伊達はACDR2025の実績（録画日英2台・Webinarホスト確認）に基づく仮置き。WebinarとZoomはクラウド録画をバックアップとし、ローカルにも保存（2025年運用）。

Sheet 人員ギャップ分析
A1: 機能別 必要人数と充足状況（現時点の確定・見込メンバーでの判定）
A2: 判定の前提: 役員3名（三浦・北本・宮木）はVIP／代表として扱い運営要員に数えない。MizanはCo-Chair前提で「見込」。SCDF/COSEMがMC・モデレーター・会場・バス・名札印刷・登録システムを担う（5月合同会議・8/6デマケ）。日本側（神戸）サポートは現地要員に数えない。
A4: 機能 | B4: ピーク時間帯 | C4: 必要人数(目安) | D4: 現在の担当（確定・見込） | E4: 充足 | F4: ギャップ・リスク | G4: 対応案（追加要員の配置）
A5: 受付・参加者デスク（会場／公邸／ホテル） | B5: 10/26夕〜10/27（到着・名札配布）、10/28-29終日 | C5: 3 | D5: 藤中、田中（＋吉田は10/27夜・10/28午前のみ） | E5: △ | F5: ACDR2023は3名体制（堀池・藤中・田中）。今回は名札セットのQR配布(100-120名)と宿泊37室/泊の対応が加わる。急病・遅延・ビザ問題が出ると即座に詰まる。 | G5: 藤本を3人目として配置（本人8/7『アドミサポート・会議補助なら可』）。または寺坂（デマケ上のリスト出力担当）。
A6: AV・PC・Zoom・AI翻訳オペレーション（現地側） | B6: 10/28 07:30-16:45、10/29 08:00-12:00 | C6: 2（うち1名は現地専任） | D6: 現地: 荒木田、池田／日本側: 中村（Zoom・AI通訳設定・Q&A確認）、山口（録画・オンライン質疑） | E6: △ | F6: Zoomホスト・AI通訳監視・Q&A・録画は2025年同様に神戸側（中村・山口）で持てるため、現地の負荷は『会場AVとAI通訳端末の物理接続・トラブル一次対応』に絞られる。それでも荒木田はOpening/Closing進行・VIP同行、池田はTech Session PICで、セッション中に現地の一次対応者が不在になる時間帯が残る。 9/4打合せ: Webinar進行・機材・スクリーンをホスト国（SCDF/COSEM）側が担えるか確認中。会場は横長レイアウトへ変更交渉中、レイアウト表を次回までに作成 | G6: 現地の一次対応は藤本を推奨。会場AVはSCDF側スタッフに操作依頼できるか9月合同会議で確認。日本側と現地の連絡手段（WhatsApp等）と時差1時間の運用ルールを事前に決める。
A7: セッション運営（RT・Tech Session） | B7: 10/28 13:00-15:30、10/29 09:30-12:00 | C7: 3（PIC・Co-Chair・フロア） | D7: RT: 吉田・Gerry／TS: Mizan(Co-Chair)・池田 | E7: △ | F7: TSはMizanが登壇側に回ると、登壇者6名の誘導・時間管理・Q&A取次を行うフロア担当が池田1名。Said Faisal辞退後のSCDF側モデレーターも未確定。 | G7: 塩見（承諾済み）をRT/TSの記録・フロア補助に配置。SCDF側モデレーター確定をSylviaへ再確認。
A8: 記録・Draft Summary・Closing要約 | B8: 10/28夜〜10/29 11:45 | C8: 2 | D8: Gerry、Mizan（デマケ: Draft Summary） | E8: × | F8: MizanがCo-Chairなら実質Gerry1名。RT(2.5h)＋TS(2h)の要約を当日昼までに出すことが難しい。 | G8: 塩見（承諾済み）を記録・サマリー補助に。
A9: VIP・内閣府随行（林統括官＋随行2名） | B9: 10/27夕〜10/30終日 | C9: 1.5（常時1名＋バイ会談時+1） | D9: 宮木、児玉（内閣府に張り付かず、COSEM・内閣府との調整に臨機応変。空港出迎え不要＝公用車） | E9: ○ | F9: 9/4打合せ: 林統括官の英語対応はADRCに求められた前例がなく大使館側で対応。宮木・児玉は必要時のみ同行。内閣府のホテルは未定（問合せ中） | G9: Opening/VIP Tour/表敬は同行程度に留め、宮木・児玉はCOSEM調整・レセプション・撤収に回す。内閣府ホテルの回答期限を確認
A10: 写真・動画記録（Highlight Movie含む） | B10: 会期中全日 | C10: 1 | D10: 藤本（撮影を主担当、児玉 9/4） | E10: ○ | F10: 藤本が撮影主担当で本人承諾済み（9/4）。COSEM側の公式カメラマンの有無と集合写真の場所・時刻はCOSEM協議事項 | G10: 撮影計画（Opening集合写真、RT、TS、公邸、パレード）を作成。ハイライト動画の編集場所と素材受渡しをCOSEMと確認
A11: SIDEX展示・Japan Pavilion連携／参加者誘導（Hall3⇔Peridot） | B11: 10/28 10:30-12:45、10/29午後、10/30 13:50-14:50 | C11: 2 | D11: 池田、Mizan（デマケ: SIDEX Exhibition） | E11: △ | F11: 荒木田8/6『もう一人か二人必要』と認識済み。Mizanは10/29午前Co-Chair、池田はTS PICで同時間帯に動けない。 | G11: 藤本または塩見（承諾済み）を誘導担当に。SCDFのリエゾン配置も要請。
A12: Field Trip引率（CDA、バス点呼） | B12: 10/29 13:00-17:15 | C12: 2-3 | D12: 荒木田、吉田（デマケ）、田中（名簿） | E12: ○ | F12: 引率自体は足りるが、同時刻に会場撤収・Day3準備・バイ会談が残る（児玉・藤中・池田）。 | G12: 現状維持。塩見参加で引率を1名追加可能。
A13: 到着・出発対応（空港・ホテル） | B13: 10/26 15:00-24:00、10/27午前、10/30夜〜10/31午前 | C13: 2 | D13: 藤中、田中（COSEMが空港送迎） | E13: △ | F13: 10/26は宮木・児玉が前日（10/25夜）入りしているためDorsett到着対応を分担できる。一方10/31朝は宮木・児玉（06:35発）、池田・Gerry（深夜発）も帰国し、見送り・清算は藤中・田中の2名のみ。 | G13: 10/26夕方は宮木・児玉・藤中・田中でDorsett対応。10/31朝は藤本を残す（11/1朝発に揃える）か、COSEM送迎に見送りを委ねて藤中・田中は清算に専念する。
A14: オンライン配信・録画・Q&A（日本側） | B14: 10/28 12:30-16:45、10/29 08:00-12:00（SGT） | C14: 2＋バックアップ | D14: 中村（Zoom Webinar/Meeting設定・ホスト、AI通訳設定・監視、Q&A確認）、山口（録画クラウド＋ローカル、オンライン質疑）／バックアップ仮置き: 寺坂（録画日英）、伊達（ホスト確認） | E14: ○ | F14: 2025年はSC・ACDRとも神戸側でWebinar設定・録画・Q&A確認を行い問題なし。今回はAI通訳が加わるため、事前リハーサル（10/26-27）で現地端末との接続確認が必要。神戸は10/28-29が平日のためJST 9:30-17:45の勤務時間内に収まる。 | G14: 10/26-27に中村・山口が現地（荒木田・池田）と接続テスト。寺坂・伊達のバックアップ要否を本人に確認。
A15: 参加者誘導（Dorsett⇔EXPO、パレード前） | B15: 10/29・30 朝 08:00-09:00、10/29 17:00-18:30 | C15: 2 | D15: 田中、吉田、塩見 | E15: △ | F15: 9/4打合せ: SCDFの引率は28日のみ。29・30日朝と、パレード前（ホテルで着替え後にEXPOへ再移動、渋滞で遅れるリスク）の誘導はADRC側で必要。参加者リストを作って担当を割り当てる（荒木田アクション） | G15: Field Trip参加者リストを基に誘導担当を確定。バス・タクシーの手配はCOSEMと調整。ドレスコードを事前周知
A16: 結論（案）
A17: 1. 現地要員は役員3名＋運営9名（荒木田・児玉・吉田・藤中・田中・池田・Gerry・Mizan・森口）。Mizanは会期中の参加可（フライト未取得）、森口はSC担当として例年どおり現地参加見込（未手配）。
A18: 2. 藤本（撮影・現地一次対応）と塩見（記録・誘導）は9/4に本人承諾済み。日本側（中村・山口）と合わせ、赤字だったギャップは解消の見込み。残るのは両名とMizan・森口の手配（フライト・Hotel Mi）と、COSEMとの役割分担の合意（別シート「COSEM協議事項」）。
A19: 3. 追加候補は (a) 藤本：Zoom設定・広報・リスト出力担当で受付/AV/写真を兼務できる。(b) 塩見：サマリー担当、セッション補助。
A20: 4. 追加2名の概算増: 航空券（関空LCC）約15万円×2＋Hotel Mi 6泊約10万円×2＋日当 ≒ 55-60万円。ACDR2026予算.xlsx(8/21)の『スタッフ宿泊 1,120,000円』は70泊分で、現在の確定分（約45泊）に対し余裕あり。一方、藤中は既に総額1,695万円で2月見積(1,664万円)超過を指摘しており、メンバー国参加が20か国未満で収まるか（現状17か国程度）が財源の鍵。
A21: 5. 打合せ後の確認事項: ①宮木・児玉の10/25泊（25日23:40着、宿泊必要と確認 9/6）の手配。所長の宿泊先（Dorsett/任意）は未定、②池田・Gerryの復路便名（SQ622=14:25発、01:30発はSQ618）、③Mizan・森口・藤本・塩見のフライト・宿泊手配、④内閣府のホテル、⑤COSEM/SCDFとの役割分担とドレスコード → シート「COSEM協議事項」で管理（第5回合同会議（9/15オンライン）＋メール＋Zoomで合意、Final Announcement 10/13前にGIへ反映）。
A23: 今後のスケジュール（9/4打合せ）
A24: ・9/12: Google登壇者の回答期限。TS登壇者（JAXA確定、内閣府枠でJapan Pavilion出展企業2社程度、モデレーター代替候補、Mizan=Co-Chair案）を荒木田が池田と確認しインビテーション発出
A25: ・9月下旬: 次回所内打合せ（会場レイアウト表、COSEMとの役割分担案、動態表更新版を提示）
A26: ・10/9(金) 理想、遅くとも10/13-16: ロジ最終版・アジェンダ最終ドラフト・SC書類を完成、メンバー国・参加者へ送付（藤中）
A27: ・10/13: Final Announcement（開催2週間前）
A28: ・10/26-27: 現地入り、日本側との接続・運用テスト、27日午前に全員で会場下見
A29: ・広報: 内閣府・県庁記者クラブへのプレスリリース（管理部と宮木）、神戸新聞記者（7月来訪、ネパール取材）へ案内（荒木田）

Sheet COSEM協議事項
A1: COSEM/SCDFとの協議事項（役割分担・ドレスコード・会場・導線・記録・事務・プログラム） as of 2026/9/6
A2: 協議の場: 第5回合同会議（9/15、オンライン。Sylvia 6/18・内閣府8/31資料で確認）＋メール＋Zoom（9/4 荒木田）。5月の事前協議チェックリストで「未対応」のまま残る項目を再掲し、9/4所内打合せで出た論点を加えた。合意内容はGI改訂（Final Announcement 10/13前）と運営マニュアルに反映する。状態: 未協議／協議中／合意。
A4: No. | B4: 区分 | C4: 項目 | D4: ADRC側の現状認識・案 | E4: COSEM/SCDFに確認・合意したいこと | F4: 根拠 | G4: 希望期限 | H4: ADRC担当 | I4: 状態
A5: A1 | B5: 役割分担 | C5: 28日朝の会場・NW最終テスト | D5: 荒木田・池田が07:30から実施し、日本側（中村・山口）と接続確認。会場は27日午後以降のみ使用可のため、27日は持込PCでのテストに限られる | E5: 開始時刻（7:30か8:00）、COSEM/SCDF側の立会い者とAV操作者、演台・客席・事務局部屋での実測、衛星データ/ARデモの再生確認 | F5: 5月CL 1-IT（要確定）、9/4打合せ | G5: 第5回合同会議（9/15） | H5: 荒木田・池田 | I5: 協議中
A6: A2 | B6: 役割分担 | C6: Webinar／Zoom／AI通訳ツールの運用 | D6: 日本側: 中村（Zoomホスト・AI通訳設定・Q&A確認）、山口（録画・オンライン質疑）。現地一次対応: 藤本。ホスト国側で進行・機材を担えるなら望ましい（9/4 荒木田） | E6: 会場PCへの接続方法、スクリーン切替の担当、翻訳ツール（ポケトーク等）のURL/QRの掲示方法、WhatsApp参加者グループの共有、ハイブリッド配信の範囲（RT・TS・SC） | F6: 5月CL 2「記録・メディア 未対応」「使用言語 未対応」、GI（AI翻訳ツール試行）、9/4打合せ | G6: 第5回合同会議（9/15） | H6: 荒木田・中村 | I6: 未協議
A7: A3 | B7: 役割分担 | C7: モデレーター体制 | D7: SCDF側モデレーター（Said Faisal氏辞退後の代替）＋ADRC側Co-Chair（Mizan案）。RTはメンバー国Co-Moderator＋事前ステートメント回収。SCDFは司会・モデレーターとしてLTC Yong Kaiを指名済み（Sylvia 7/30 WhatsApp）。TSも同氏かは未確認 | E7: LTC Yong KaiがTSも担当するかSCDFが別途指名するか、Co-Chairの役割（時間管理・Q&A取次）、プロフィール送付先・期限 | F7: 5月CL 2「進行」、荒木田8/31、Mizan 8/31 | G7: 9/19（登壇者確定） | H7: 荒木田・Mizan・池田 | I7: 協議中
A8: A4 | B8: 役割分担 | C8: 受付・名札（QRセット） | D8: QR付き名札セットは27日の公邸レセプションで手渡し。会場受付は藤中・田中（＋藤本）。当日参加者への対応方針は未定。事前に詳細を渡せばCOSEMがADRC招待者のSIDEX登録を裏で行いパスを印刷（Sylvia 8/17 WhatsApp） | E8: 会場受付のSCDF/ADRCスタッフ配置、QR読取機の台数・場所、公邸で受け取れなかった人への当日発行、当日飛び込み参加の扱い、会議セット（バッグ等）の配布場所 | F8: 5月CL 2「事前登録」「受付対応 未対応」「参加者サポート 未対応」 | G8: 第5回合同会議（9/15） | H8: 田中・藤中 | I8: 未協議
A9: A5 | B9: 役割分担 | C9: 事務局部屋（28-29日） | D9: 28日朝にGerry・Mizan・塩見・森口が設営。29日終了後に児玉・藤中が撤収（27日と30日は部屋なし）。Tourmaline 207・Peridot 202-205はCOSEM負担で無償（Sylvia 8/25 WhatsApp） | E9: 広さ・施錠・複合機・延長コード・水、28日朝の入室可能時刻、30日の荷物置き場 | F9: 5月CL 1「事務局部屋 詳細未対応」、9/4打合せ | G9: 第5回合同会議（9/15） | H9: 藤中 | I9: 未協議
A10: A6 | B10: 役割分担 | C10: 参加者の引率（ホテル⇔EXPO） | D10: 28日はSCDFが Dorsett→会場を引率。29・30日は引率なし（9/4 藤中）→ADRC側で誘導（田中・吉田・塩見）。パレード前はホテルで着替えてEXPOへ再移動。Field Trip後のEXPO帰着は17:00、パレードは18:00着席・GOH 18:30到着（Sylvia 8/26）→ホテルで着替える時間は約1時間 | E10: 29・30日朝のシャトル時刻とバス台数、Hotel Mi→EXPO朝バス、パレード前のホテル→EXPO便と出発時刻、Gala出発（17:30 Dorsett）の集合方法 | F10: 5月CL 3「導線」、9/4打合せ、Agenda 0805r | G10: 第5回合同会議（9/15） | H10: 田中 | I10: 協議中
A11: A7 | B11: 役割分担 | C11: Field Trip（CDA）の運行 | D11: 荒木田・吉田が引率、田中が名簿・点呼。北本・宮木も参加 | E11: 出発時刻（Flyer 13:00／Agenda 13:30）、ヘルメット・ベスト貸出、休憩・水分、途中下車の柔軟性、渋滞時の短縮判断、パレード開始前の到着保証 | F11: 5月CL 4（全項目未対応）、9/4打合せ | G11: 第5回合同会議（9/15） | H11: 荒木田・吉田 | I11: 未協議
A12: A8 | B12: 役割分担 | C12: 写真・ビデオ・集合写真 | D12: 藤本が撮影主担当（承諾済み）。ハイライト動画は閉会時上映の想定。撮影ポイントは27日公邸レセプションとCDA視察（ひな壇型）で合意（WhatsApp 8/14） | E12: COSEM公式カメラマンの有無、集合写真の場所（Hall 3入口等）と時刻（Day1 Opening後）、素材の受渡しフロー、動画編集の場所 | F12: 5月CL 2「写真・ビデオ 未対応」「集合写真 未対応」 | G12: 第5回合同会議（9/15） | H12: 藤本・Gerry | I12: 未協議
A13: A9 | B13: 役割分担 | C13: バナー・バックドロップ・サイン | D13: 会場・公邸のバナーは誰が作るか未確認（9/4 藤本→荒木田が確認中）。ロゴ提供はADRC | E13: 制作主体（SCDF/COSEM/ADRC）、デザイン締切、駅→会場の看板、受付デスクの仕様 | F13: 5月CL 3「看板設置 未対応」、月次ToDo 9月「バックドロップ・サイン」、9/4 | G13: 9月中 | H13: 荒木田・藤本 | I13: 協議中
A14: A10 | B14: 役割分担 | C14: 会場レイアウト（Peridot） | D14: EXPO図面（7/28改訂、Option 2 横長、Peridot 203-204・70名）をSylviaが8/20にWhatsAppで送付し、左側（緑）増席か後方（ピンク）拡張を提案。8/24に児玉が「1/3利用は不自然、ピンク部分も使いたい」→Peridot 202-205で確定依頼（SylviaがCOSEM/EXPOと交渉）。コーヒーブレイクはOption 1（右側、事務局室寄り）を選択（8/26）。202-205拡張後の改訂図面は未着。RT/TS/SCの席配置図をADRCが作成し次回打合せまでに調整 | E14: Peridot 202-205の確定（EXPO回答）と改訂図面、Day1（RT/SC）とDay2（TS）の配置（RT/SC: U字＋卓上マイク、TS: スクール形式＋登壇者卓）、スクリーン前テーブル（RT: SG、SC: 日本・ADRC、TS: 共同議長2名＋登壇者）、最前列・モデレーター席、スクリーン数、AV卓の位置、演台Wi-Fi | F14: 5月CL 1「Peridot Room」、月次ToDo 9月、9/4 児玉 | G14: 9月下旬（次回所内打合せ） | H14: 荒木田・池田 | I14: 協議中
A15: A11 | B15: 役割分担 | C15: バイ会談スペース・VIP控室 | D15: 宮木・児玉が内閣府・COSEMとの調整を担当（張り付きはしない） | E15: 小部屋・ブースの予約ルール、内閣府随行の控室、水の配置 | F15: 5月CL 1「バイ会談 未対応」「VIP控室 未対応」 | G15: 第5回合同会議（9/15） | H15: 宮木・児玉 | I15: 未協議
... A42: G38 | B42: 記録 | C42: 第4回合同会議（8/25）の議事録 | D42: 未受領（Gmail 9/6時点） | E42: NOM 4/2026の送付依頼 | F42: Gmail検索 9/6 | G42: 9/15前 | H42: 荒木田 | I42: 未協議
B44: 凡例
C45: 未協議（COSEM/SCDFにまだ提示していない）
C46: 協議中（提示済み・回答待ち）
C47: 合意
B49: 集計
B50: 未協議 | C50: =COUNTIF(I5:I42,"未協議") -> 24
B51: 協議中 | C51: =COUNTIF(I5:I42,"協議中") -> 14
B52: 合意 | C52: =COUNTIF(I5:I42,"合意") -> 0

Sheet 参加者到着・出発(8月28日時点)
A1: メンバー国等 到着・出発予定（ホテル部屋数検討用リスト_tt.xlsx Dorsettシート, as of 2026/8/25-28）
A2: ※TBDは招待済みで人選未定。DS=Dorsett自己負担。到着時刻はCOSEM送迎・Dorsett受付配置の検討用。
A3: 【9/4打合せ時点の登録状況】メンバー国15か国（日本・シンガポール除く。含めると17か国でSC定足数を確保）、現地登録42名、オンライン3名。新規: バングラデシュ、パキスタン2名、PNG2名、フィジー3名、カンボジア3名、韓国3名予定（登録未）、NZ（アドバイザー）3名。ウズベキスタン2名（リソース1＋メンバー1）は回答待ち。インドネシア環境省の扱い（メンバー国か）は要確認。フィリピン・タイ・ブルネイの追加で約20か国の見込み。到着は26日と27日午前に集中させる方針だが、14時台着（バングラデシュ等）はタクシー送迎の想定。
A4: 国・組織 | B4: 氏名 | C4: 到着日 | D4: 到着時刻 | E4: 出発日 | F4: 出発時刻 | G4: 便名(到着/出発) | H4: 宿泊 | I4: Field Trip | J4: 備考
A5: モルディブ | B5: Hassan Hisan (Chief Executive, NDMA) | C5: 10/27 | D5: 07:15 | E5: 10/31 | F5: 10:25 | G5: ― | H5: D | I5: Yes | J5: Halal
A6: アルメニア | B6: Syuzanna Vardazari Kakoyan | C6: 10/27 | D6: 08:45 | E6: 11/1 | F6: ― | G6: TK208/TK209 | H6: D(+10/31 DS) | I6: Yes | J6: 本人希望で1泊延長
A7: アゼルバイジャン | B7: Zamanov Niyazi | C7: 10/26 | D7: 17:40 | E7: 10/30 | F7: 23:15 | G7: TK335/TK54 | H7: D | I7: Yes | J7: Halal
A8: アゼルバイジャン | B8: Rustamzade Kamran | C8: 10/26 | D8: 17:40 | E8: 10/30 | F8: 23:15 | G8: TK335/TK54 | H8: DS | I8: Yes | J8: Halal
A9: トルコ | B9: Pehlivan Ali Hamza (Governor/Head of AFAD) | C9: 10/27 | D9: 08:45 | E9: 10/31 | F9: 10:25 | G9: ―/TK209 | H9: D | I9: Yes | J9: Halal
A10: トルコ | B10: Yaman Muhammet Maruf | C10: 10/27 | D10: 08:45 | E10: 10/31 | F10: 10:25 | G10: ―/TK209 | H10: DS | I10: Yes | J10: Halal
A11: モンゴル | B11: Nyambayar Tsedev (Director, NEMA) | C11: 10/26 | D11: 21:55 | E11: 10/30 | F11: 23:55 | G11: CA969/CA970 | H11: D | I11: Yes | J11: 中国国際航空(北京経由)
A12: フィジー | B12: Naipolioni Dabea Boseiwaqa (Director, NDRMO) | C12: 10/26 | D12: 21:35 | E12: 10/31 | F12: 13:40 | G12: ― | H12: D | I12: No
A13: スリランカ | B13: Maj.Gen.(Retd.) Kotuwegoda (DG, DMC) | C13: 10/27 | D13: 08:10 | E13: 10/31 | F13: 09:40 | G13: ― | H13: D | I13: No
A14: マレーシア | B14: Ezrin Rozani Bin Rosli (NADMA) | C14: 10/27 | D14: 12:20 | E14: 10/31 | F14: 12:45 | G14: ― | H14: D(10/27-) | I14: Yes | J14: Halal
A15: 韓国 | B15: Byungim So (MOIS) | C15: 10/26 | D15: 20:25 | E15: 10/31 | F15: 01:35 | G15: ― | H15: D | I15: No
A16: 韓国 | B16: TBD ×2 | C16: 10/26 | D16: 20:25 | E16: 10/31 | F16: 01:35 | G16: ― | H16: DS
A17: ベトナム | B17: Doan Thi Tuyet Nga ほかTBD | C17: 10/26 | D17: 17:20 | E17: 10/31 | F17: 12:35 | G17: ― | H17: D/DS | J17: 8/27登録、2人目の可能性
A18: ウズベキスタン | B18: TBD ×2（1名はTSスピーカー） | C18: 10/27 | D18: 08:45 | E18: 10/31 | F18: 10:25 | G18: ― | H18: D×2 | J18: 宿泊負担の整理未了（田中8/31）
A19: フィリピン | B19: TBD ×2 | C19: 10/26 | D19: 18:00 | E19: 10/31 | F19: 12:10 | G19: ― | H19: D/DS
A20: ブルネイ | B20: TBD ×2 | C20: 10/27 | D20: 14:30 | E20: 10/31 | F20: 09:00 | G20: ― | H20: D/DS
A21: ブータン | B21: TBD | C21: 10/26 | D21: 19:30 | E21: 11/1 | F21: 12:30 | G21: ― | H21: D
A22: PNG | B22: TBD | C22: 10/26 | D22: 19:30 | E22: 10/31 | F22: 20:40 | G22: ― | H22: D
A23: タイ | B23: TBD | C23: 10/27 | D23: 14:50 | E23: 10/31 | F23: 12:25 | G23: ― | H23: D(10/27-) | I23: No
A24: カンボジア | B24: TBD | C24: 10/26 | D24: 18:00 | E24: 10/31 | F24: 12:45 | G24: ― | H24: D | J24: 9/1登録あり
A25: ミャンマー | B25: TBD | C25: 10/27 | D25: 15:10 | E25: 10/31 | F25: 13:45 | G25: ― | H25: D(10/27-)
A26: インドネシア | B26: TBD | C26: 10/27 | D26: 11:20 | E26: 10/30 | F26: 22:40 | G26: ― | H26: D(10/27-)
A27: パキスタン | B27: TBD | C27: 10/27 | D27: 11:15 | E27: 10/31 | F27: 12:25 | G27: ― | H27: D(10/27-)
A28: インド | B28: 3名（8/28登録、9/3に2人目確認） | C28: 10/26 | D28: 18:00 | E28: 10/31 | F28: 16:40 | G28: ― | H28: D+DS×2
A29: 内閣府（日本） | B29: 林 正道 政策統括官 ＋随行2名 | C29: 10/26 | D29: 15:00 | E29: 10/31 | F29: 01:20 | G29: ― | H29: DS×2(+林氏) | J29: CV準備中。英語サポート要
A30: リソース | B30: TSスピーカー2名（海外） | C30: 10/27 | D30: ― | E30: 10/31 | F30: ― | G30: ― | H30: D×2 | J30: JAXA川北氏確定、他調整中
A31: 観察者・一般 | B31: ADPC 2名、AHA Centre、JICAフィジー、東北大小野教授、仙台市3名、Mercy Malaysia、大学関係 等 | C31: ― | D31: ― | E31: ― | F31: ― | G31: ― | H31: 自己手配 | J31: 昼食提供対象
A33: Dorsett確保数（8/28にCOSEMへ通知）: 10/26 29室、10/27-30 37室/泊、10/31 2室、計180 room nights。9/28に10%リリース可、以後100%課金。

Sheet 出典・前提
A1: 出典と前提（本表は2026/9/4時点の一次資料から作成。未確認事項は各シートに明記）
A3: # | B3: 資料 | C3: 本表での使用箇所
A4: 1 | B4: Gmail: 荒木田→研究部・事務局 2026/9/2「ACDR2026打合せ」(9/4 15-16時所内打合せ) | C4: 児玉9/3『役割分担等再確認』の指示
A5: 2 | B5: Gmail: 荒木田→塩見 2026/9/4「日程について」返信 | C5: 塩見への現地参加打診（未回答）
A6: 3 | B6: Gmail: 荒木田→藤本 2026/8/6「ACDR2026に行きませんか」／藤本 8/7返信 | C6: 追加要員1-2名の必要性、藤本の参加可否
A7: 4 | B7: Gmail添付: ACDR2026_Demarcation_asof0805.pptx（荒木田→藤本 8/6） | C7: 役割分担（8/6版）
A8: 5 | B8: Gmail添付: ホテル部屋数検討用リスト _tt.xlsx（田中→藤中・荒木田・児玉 8/28） | C8: スタッフ・参加者の到着/出発・宿泊
A9: 6 | B9: Gmail: 事務局→Sylvia(COSEM) 8/28「Hotel Guest Rooms as of 28 August」／藤中 9/1返信 | C9: Dorsett 180 room nights
A10: 7 | B10: Gmail添付: ACDR2026予算.xlsx（藤中→荒木田・児玉 8/21） | C10: スタッフ14名リスト、旅費・宿泊予算、超過見込み
A11: 8 | B11: Gmail添付: ACDR2026_Draft_Agenda_EN_0805r.docx（児玉 8/5）＋Flyer 8/26版（Field Trip 13:00） | C11: 会期プログラム
A12: 9 | B12: Gmail: 藤中 7/15「三浦センター長のフライト」／7/29-31「シンガポール行きのフライト【ACDR2026】」(北本)／7/10「田中・藤中のフライト」／7/21「スイス発着のフライト」(吉田)→9/6 吉田メールでAY便に変更／7/29「Flight to Singapore for ACDR2026」(池田・Gerry)／7/31「池田さん、Gerryさんのふらいとについて」 | C12: 各人のフライト
A13: 10 | B13: Gmail: 児玉→宮木・荒木田 8/28「SIDEX-ACDR2026: 日本（内閣府）からの出席者決定」 | C13: 林正道氏出席、英語サポート要
A14: 11 | B14: Gmail: 児玉→荒木田・池田・Mizan 8/28／Mizan 8/31／荒木田 8/31「テクニカルセッション準備状況」 | C14: Co-Chair人選、登壇者状況、期限設定
... A22: 19 | B22: 荒木田 2026/9/4 指示（本セッション）＋Googleドライブ「ACDR2026シンガポール事前協議チェックリスト回答状況」（5/18） | C22: 藤本・塩見の本人承諾。ドレスコードと役割分担をCOSEM協議事項として整理（5月チェックリストの未対応項目を再掲）
B23: 前提・限界
B24: ・指定されたDropboxフォルダ（C:\Users\arakida\Dropbox\araarashare\JOB\ADRC\ACDR\）およびダウンロードフォルダは、この作業環境（クラウド上のLinuxコンテナ）から参照できないため未使用。同フォルダにある最新のデマケ・動態表があれば本表と突合が必要。
B25: ・宮木・児玉の航空券は個人メールに記録がなく（管理部手配の可能性）、到着日は8/28リストの記載（10/27）をそのまま載せた。
B26: ・時間帯別シートの担当割当は、8/6デマケと2023年の動態表を基にした『第1案』であり、所内打合せで調整する前提。
B27: ・藤本・塩見の行は追加推奨の仮置きで、本人の承諾・手配は未了。
B28: ・稼働人数の自動計算は、結合セルの先頭列のみを数える簡易指標。
B29: ・日本側サポートの担当時間はJST勤務時間内を想定し、シンガポール時間の列に置いた（JST = SGT + 1時間）。寺坂・伊達は本人未確認の仮置き。 接続テストは①10/26午後(JST15-17, 荒木田・中村・山口、池田は到着後合流)、②10/27午後(JST14-17, 荒木田・池田・中村・山口＋仮置きの寺坂・伊達)の2回を想定。
