Workbook

Sheet 人員一覧・判定
A1: SIDEX-ACDR2026（シンガポール, 2026/10/27-30）ADRC派遣スタッフ一覧と判定
A2: 作成: 2026/9/4（第1版・所内打合せ用ドラフト） 根拠: Gmail（ACDR2026関連スレッド）、Googleドライブ（ACDR2026事前協議チェックリスト、月次ToDo、動態表ACDR2023）、添付（ホテル部屋数検討用リスト_tt.xlsx 8/28、ACDR2026予算.xlsx 8/21、ACDR2026_Demarcation_asof0805.pptx、Draft Agenda 0805r）
A4: No. | B4: 氏名 | C4: Name | D4: 役職 | E4: 現地参加の確定度 | F4: 往路 | G4: 復路 | H4: 宿泊 | I4: デマケ上の担当（8/6版） | J4: 会期中の主な現地役割（本表での想定） | K4: 要確認・備考
A5: 1 | B5: 三浦 房紀 | C5: MIURA Fusanori | D5: センター長(Chairman) | E5: 確定 | F5: 10/26 SQ655 福岡09:30→SIN15:00 | G5: 10/31 SQ656 SIN01:20→福岡08:10 | H5: Dorsett 10/26-30 (5泊) | I5: ACDR2026 Opening 挨拶／SC出席 | J5: VIP対応（ADRC代表）。Opening (12:45)、Roundtable、SC、Gala、大使公邸レセプション、SIDEX Keynote出席 | K5: パスポート更新済み（7月）。復路は10/30深夜発扱い
A6: 2 | B6: 北本 政行 | C6: KITAMOTO Masayuki | D6: 常務理事 | E6: 確定 | F6: 10/26 SQ637 成田10:00→SIN16:30 | G6: 10/30 SQ638 SIN23:55→成田10/31 07:30 | H6: Dorsett 10/26-30 (5泊) | I6: （役員として出席） | J6: VIP対応。初参加のため事前ブリーフィング要。10/30は最終日夜に出発 | K6: 初参加。8/7・9/4打合せに出席。Dorsett宿泊は8/28リストで確認
A7: 3 | B7: 宮木 一寛 | C7: MIYAKI Kazuhiro | D7: 所長 | E7: 確定（フライト要確認） | F7: 要確認（リストでは10/26 15:00着または10/27着の2説） | G7: 要確認（10/31） | H7: 要確認：Dorsettシート「所長」行(10/26-30)とHotel Miシート(M)の両方に記載 | I7: 全体総括／内閣府との連絡調整／Bi-meeting／SC議長(内閣府)との調整／広報(記者クラブ) | J7: 内閣府 林副大臣級（林正道 政策統括官）随行・バイ会談設定。Opening/VIP Tour/表敬に同行。SC進行補佐 | K7: 航空券手配メールが見当たらない。宿泊先が2シートで矛盾 → 要確認
A8: 4 | B8: 児玉 美樹 | C8: KODAMA Miki | D8: 研究部長 | E8: 確定（フライト要確認） | F8: 要確認（リストでは10/27着） | G8: 要確認（10/31発） | H8: Hotel Mi Bencoolen（Mシート: 10/26-30） | I8: Bi-meeting／Welcome Reception(Program, MC)／レセプション手配／PC等機材サポート | J8: 副総括的な現場統括。大使公邸レセプション（10/27）の進行・MC、COSEM(Sylvia)との現地調整、内閣府随行 | K8: リストの到着日10/27はレセプション当日のため、前日入りが望ましい → 要確認
A9: 5 | B9: 荒木田 勝 | C9: ARAKIDA Masaru | D9: リサーチフェロー | E9: 確定 | F9: 10/26 NH843 羽田00:25→SIN06:55 | G9: 10/30 NH844 SIN22:20→羽田10/31 05:55 | H9: Hotel Mi Bencoolen（Mシート: 10/26-30） | I9: 総括(PL)／Opening & Closing／SIDEX Conference／Field Trip／会場手配・機材／Zoom当日 | J9: 全体統括。Opening/Closing進行、会場・AV・Zoom/AI翻訳の当日運用、Field Trip引率、Google等リソース対応 | K9: 10/30 22:20発のためClosing後〜Day3午後まで在場。
A10: 6 | B10: 吉田 真紀 | C10: YOSHIDA Maki | D10: プロジェクト研究員（ジュネーブ） | E10: 確定 | F10: 10/25 TK1918 GVA10:45→IST／TK208 IST18:30→SIN 10/26 09:55 | G10: 10/30 TK55 SIN23:15→IST／TK1917→GVA 10/31 09:25 | H10: Hotel Mi Bencoolen（Mシート: 10/26-30） | I10: Roundtable(PIC)／Announcement／Web登録・コレポン／航空券(メンバー国)／Field Trip／Welcome Reception | J10: Roundtableセッション運営（ステートメント回収・共同モデレーター補佐）、レセプション進行補佐、Field Trip引率、参加者対応 | K10: リストの到着日10/27は誤り（フライトは10/26 09:55着）→ ホテル1泊分を要確認
A11: 7 | B11: 藤中 純子 | C11: FUJINAKA Junko | D11: 管理部 | E11: 確定 | F11: 10/25 TR819 関空11:30→SIN17:30 | G11: 11/1 TR818 SIN03:05→関空10:15 | H11: Hotel Mi Bencoolen 10/25-31 (7泊) | I11: レセプション手配／予算管理／契約・支払／宿泊・送迎の確認／SC議案・会計報告 | J11: 受付デスク（会場・レセプション）、ホテル・バス・支払の現地対応、SC事務、日当支払 | K11: 先発隊。10/25着で前日準備
A12: 8 | B12: 田中 智美 | C12: TANAKA Tomomi | D12: 事務局(ACDR2026 Secretariat) | E12: 確定 | F12: 10/25 TR819 関空11:30→SIN17:30 | G12: 11/1 TR818 SIN03:05→関空10:15 | H12: Hotel Mi Bencoolen 10/25-31 (7泊) | I12: Announcement／Web登録確認・コレポン／航空券／VISA／宿泊・送迎(COSEM調整)／お礼状／日当 | J12: 受付デスク（会場・レセプション）、参加者リスト・名札(QR)管理、ホテル・送迎の現地コレポン、リソース対応 | K12: 先発隊。
A13: 9 | B13: 池田 誠 | C13: IKEDA Makoto | D13: 主任研究員 | E13: 確定（便名要確認） | F13: 10/26 関空→SIN（当初TR819 11:30→17:30、7/31にSQ619 10:05→16:00へ変更検討） | G13: 10/31 SIN→関空（TR818 03:05 or SQ622 14:25） | H13: Hotel Mi Bencoolen（候補欄・未割当） | I13: Technical Session(PIC)／SIDEX Exhibition調整／会場手配・機材／PC等機材 | J13: Technical Session運営（登壇者対応・進行）、AV/PC操作（Day1）、SIDEX展示・Japan Pavilion連携 | K13: 最終便名（SQ or Scoot）と発券状況が本人メールで未確認
A14: 10 | B14: ジェラルド・エヘム・ポトゥタン | C14: Gerald Ejem Potutan | D14: 主任研究員 | E14: 確定（便名要確認） | F14: 10/26 関空→SIN（池田と同便） | G14: 10/31 SIN→関空（池田と同便） | H14: Hotel Mi Bencoolen（候補欄・未割当） | I14: 副総括／Concept Note／Roundtable／Draft Summary／広報／SCサマリーメモ | J14: Roundtable共同運営、Draft Summary執筆（Day1夜〜Day2朝）、SCメモ、必要に応じTechnical Session共同議長候補 | K14: Draft Summaryと会期中ノートテイクが集中する
A15: 11 | B15: ミザン ビスリ | C15: Mizan Bisri | D15: 研究員 | E15: 見込（手配未確認） | F15: 未確認 | G15: 未確認 | H15: Hotel Mi Bencoolen（候補欄・未割当） | I15: Technical Session(PIC)／SIDEX Exhibition調整／Draft Summary | J15: Technical Session ADRC側Co-Chair（有力案）。登壇者（JAXA・EOS-NTU・DOST・BRIN/ネパール代替・ウズベキスタン）との調整・当日進行 | K15: 。出張が多く（8/23-29フィジー等）日程確保を至急確認
A16: 12 | B16: 藤本 絢子 | C16: FUJIMOTO Ayako | D16: 主任 | E16: 候補（本人は可） | F16: 未手配 | G16: 未手配 | H16: Hotel Mi Bencoolen（候補欄） | I16: アジェンダ(補)／広報・Flyer／Zoom webinar設定／Webサイト／各種リスト出力(リソース・研究部)／会議参加証明 | J16: 【追加推奨】Zoom/AI翻訳オペレーション、受付デスク3人目、写真記録、Japan Pavilion・参加者誘導 | K16: 10月はVR準備あり。
A17: 13 | B17: 塩見 有美 | C17: SHIOMI Yumi | D17: 主任研究員 | E17: 候補（本人は可） | F17: 未手配 | G17: 未手配 | H17: Hotel Mi Bencoolen（候補欄） | I17: （デマケ上の現地担当なし） | J17: 【追加推奨】セッション記録・サマリー補助（2023年はS1サマリー担当）、中央アジア/ウズベキスタン対応、参加者誘導
A18: 14 | B18: 森口 芳隆 | C18: MORIGUCHI Yoshitaka | D18: （広報） | E18: 未定 | F18: 未手配 | G18: 未手配 | H18: ― | I18: 広報（記者クラブ） | J18: 国内（記者クラブ対応）想定。現地派遣の根拠なし | K18: 予算上は14名に含まれるが、渡航手配・役割の記録なし → 派遣対象か要確認
A19: 15 | B19: 伊達 孝 | C19: DATE Takashi | D19: ― | E19: 国内サポート | F19: ― | G19: ― | H19: ― | I19: PC等機材サポート／Webサイトサポート | J19: 神戸からのリモート支援（Web更新、Highlights発行） | K19: ―
A20: 16 | B20: 寺坂 佳津子 | C20: TERASAKA Kazuko | D20: アシスタント | E20: 国内（オンライン登録） | F20: ― | G20: ― | H20: ― | I20: 参加者情報・フライト・宿泊・送迎のWeb登録・リスト出力(メンバー国)／VISA | J20: 神戸でマスターリスト管理・リスト出力 | K20: トルコ研修調整で多忙（児玉 5/18）
A21: 17 | B21: 田原 麻衣 | C21: TAHARA Mai | D21: 管理部 | E21: 国内（オンライン登録） | F21: ― | G21: ― | H21: ― | I21: 管理部（役員対応） | J21: 神戸で管理部業務 | K21: ―
A22: 18 | B22: 立部 知保里 | C22: TATEBE Chihori | D22: 研究員 | E22: 国内（オンライン登録） | F22: ― | G22: ― | H22: ― | J22: 神戸 | K22: ―
B24: 集計（自動計算）
B25: 現地参加 確定（フライト要確認含む） | E25: =COUNTIF(E5:E22,"確定*") -> 10
B26: 見込・候補（手配未了） | E26: =COUNTIF(E5:E22,"見込*")+COUNTIF(E5:E22,"候補*") -> 3
B27: 未定 | E27: =COUNTIF(E5:E22,"未定*") -> 1
B28: うち役員（三浦・北本・宮木）＝運営要員から除く | E28: 3
B29: 実働運営要員（確定＋見込(Mizan)−役員） | E29: =E25+COUNTIF(E5:E22,"見込*")-E28 -> 8 | F29: ← ACDR2023（ドゥシャンベ）の現地運営要員は役員（小川・笹原）を除き8名（堀池・藤中・田中・荒木田・児玉・塩見・Potutan・吉田）。今回は同数だが、公邸レセプション・Gala・Parade・SIDEX連携が加わる
B30: 追加推奨2名（藤本・塩見）を含む場合 | E30: =E29+2 -> 10 | F30: ← 「+2」は本表の推奨案（未確定）
B32: 凡例
C33: 確定（航空券発券済み／確定情報あり）
C34: 見込・候補（本人可または担当割当済みだが手配未了）
C35: 未定（打診中・根拠不足）
C36: 国内・オンライン参加

Sheet 動態表(日別)
A1: ACDR2026 動態表（日別 AM/PM） as of 4 Sep 2026 v0
A3: Staff | B3: 10/24(土) | D3: 10/25(日) | F3: 10/26(月) | H3: 10/27(火) | J3: 10/28(水) | L3: 10/29(木) | N3: 10/30(金) | P3: 10/31(土) | R3: 11/1(日)
B4: AM | C4: PM | D4: AM | E4: PM | F4: AM | G4: PM | H4: AM | I4: PM | J4: AM | K4: PM | L4: AM | M4: PM | N4: AM | O4: PM | P4: AM | Q4: PM | R4: AM | S4: PM
A5: PROGRAM | F5: 参加者到着(Dorsett) | G5: 参加者到着(〜深夜)／Day-1準備 | H5: 参加者到着／会場・名札準備 | I5: 16:00設営→19:00-21:00 大使公邸レセプション | J5: 07:30会場テスト／10:00 Joint Opening／VIP Tour | K5: 12:45 ACDR Opening／13:00 Roundtable／15:45 SC／18:30 Gala | L5: 09:30 Technical Session／11:45 Closing | M5: 13:00〜 Field Trip(CDA)／18:30 SCDF Parade & Dinner | N5: 09:00 SIDEX Keynote/Panel1 | O5: 13:50 Exhibition Tour／15:00 Panel2／16:30閉会／夜:出発 | P5: 参加者出発(見送り) | Q5: 参加者出発
A6: =人員一覧・判定!B5 -> 三浦 房紀 | F6: FUK-SIN(SQ655) | G6: SIN着15:00/Dorsett | H6: 待機/資料確認 | I6: レセプション(VIP) | J6: Joint Opening/VIP Tour | K6: ACDR Opening挨拶/RT/SC/Gala | L6: Tech Session/Closing | M6: Field Trip/Parade Dinner | N6: SIDEX Keynote | O6: Panel2/閉会 | P6: SIN-FUK(SQ656 01:20)
A7: =人員一覧・判定!B6 -> 北本 政行 | F7: NRT-SIN(SQ637) | G7: SIN着16:30/Dorsett | H7: ブリーフィング(荒木田) | I7: レセプション(VIP) | J7: Joint Opening/VIP Tour | K7: RT/SC/Gala | L7: Tech Session/Closing | M7: Field Trip/Parade Dinner | N7: SIDEX Keynote | O7: Panel2/閉会/SIN-NRT(SQ638 23:55) | P7: NRT着07:30
A8: =人員一覧・判定!B7 -> 宮木 一寛 | F8: (移動 要確認) | G8: (SIN着 要確認) | H8: 内閣府随行準備/COSEM調整 | I8: レセプション(内閣府随行・大使対応) | J8: Joint Opening/VIP Tour/表敬(内閣府随行) | K8: ACDR Opening/RT/SC進行補佐/Gala | L8: Tech Session/Closing | M8: Field Trip or バイ会談/Parade Dinner | N8: SIDEX Keynote(内閣府随行) | O8: Panel2/閉会 | P8: (帰国 要確認)
A9: =人員一覧・判定!B8 -> 児玉 美樹 | F9: (移動 要確認) | G9: (SIN着 要確認)/Dorsettフロント対応 | H9: レセプション最終確認(公邸・ケータリング) | I9: 16:00公邸設営/MC・進行 | J9: 07:30会場テスト/Opening/内閣府随行 | K9: RT/SC/Gala引率 | L9: Tech Session/Closing | M9: バイ会談/Day3準備/Parade Dinner | N9: SIDEX Keynote | O9: Exhibition Tour/Panel2/閉会 | P9: 見送り/帰国
A10: =人員一覧・判定!B9 -> 荒木田 勝 | F10: SIN着06:55(NH843)/会場・機材確認 | G10: Dorsettフロント対応/内閣府到着対応 | H10: 会場設営(Peridot)/名札・機材/北本ブリーフ | I10: 公邸設営/レセプション運営 | J10: 07:30会場・NWテスト/Zoom/Opening進行 | K10: ACDR Opening進行/RT運営(AV)/SC/Gala | L10: Tech Session(AV・Zoom)/Summary/Closing進行 | M10: Field Trip引率 | N10: SIDEX Keynote(リソース対応) | O10: Exhibition Tour/Panel2/閉会/SIN-HND(NH844 22:20) | P10: HND着05:55
A11: =人員一覧・判定!B10 -> 吉田 真紀 | D11: GVA-IST(TK1918) | E11: IST-SIN | F11: SIN着09:55/参加者対応 | G11: Dorsettフロント対応 | H11: RTステートメント確認/名札準備 | I11: 公邸受付/レセプション進行補佐 | J11: Opening/参加者誘導 | K11: RT運営(PIC)/SC/Gala引率 | L11: Tech Session(記録) | M11: Field Trip引率 | N11: SIDEX Keynote | O11: Panel2/閉会/SIN-IST(TK55 23:15) | P11: GVA着09:25
A12: =人員一覧・判定!B11 -> 藤中 純子 | D12: KIX-SIN(TR819) | E12: SIN着17:30/Hotel Mi | F12: COSEM打合せ/Dorsett受付準備 | G12: Dorsettフロント対応(到着ピーク) | H12: Dorsett受付/名札セット | I12: 公邸受付/名札配布 | J12: 受付デスク(Peridot) | K12: 受付/SC事務(会計報告)/Gala | L12: 受付デスク/支払 | M12: 事務局撤収/Parade Dinner | N12: SIDEX(受付・清算) | O12: 出発案内/支払 | P12: 見送り/清算 | Q12: SIN-KIX(TR818 11/1 03:05) | R12: SIN-KIX(TR818 03:05) | S12: KIX着10:15
A13: =人員一覧・判定!B12 -> 田中 智美 | D13: KIX-SIN(TR819) | E13: SIN着17:30/Hotel Mi | F13: 名札(QR)受取/リスト確認 | G13: Dorsettフロント対応(到着ピーク) | H13: Dorsett受付/送迎確認 | I13: 公邸受付/名札配布 | J13: 受付デスク(Peridot) | K13: 受付/RT/Gala引率 | L13: 受付デスク/リソース対応 | M13: Field Trip名簿/Parade Dinner | N13: SIDEX(受付) | O13: 出発案内(送迎) | P13: 見送り | Q13: SIN-KIX(TR818 11/1 03:05) | R13: SIN-KIX(TR818 03:05) | S13: KIX着10:15
A14: =人員一覧・判定!B13 -> 池田 誠 | F14: KIX-SIN(SQ619/TR819) | G14: SIN着16:00-17:30/Hotel Mi | H14: 会場設営(AV)/Japan Pavilion確認 | I14: 公邸設営/レセプション | J14: 07:30会場テスト/AV・PC操作 | K14: RT(AV・PC)/Gala | L14: Tech Session運営(PIC) | M14: Field Trip or SIDEX展示調整/Parade Dinner | N14: SIDEX Keynote | O14: Exhibition Tour(誘導)/Panel2 | P14: SIN-KIX
A15: =人員一覧・判定!C14 -> Gerald Ejem Potutan | F15: KIX-SIN(SQ619/TR819) | G15: SIN着16:00-17:30/Hotel Mi | H15: Concept Note/RT準備 | I15: 公邸設営/レセプション | J15: Opening | K15: RT運営(共同)/ノート/SCメモ/Gala | L15: Tech Session(ノート)/Draft Summary | M15: Field Trip/Parade Dinner | N15: SIDEX Keynote/Summary | O15: Panel2/閉会 | P15: SIN-KIX
A16: =人員一覧・判定!C15 -> Mizan Bisri | F16: (未手配) | G16: (未手配) | H16: 登壇者(JAXA等)対応/接続テスト | I16: 公邸設営/レセプション | J16: Opening | K16: RT(ノート)/Gala | L16: Tech Session Co-Chair | M16: Field Trip/Parade Dinner | N16: SIDEX Keynote | O16: Panel2/閉会 | P16: (未手配)
A17: =人員一覧・判定!B16 -> 藤本 絢子 | F17: 【推奨】KIX-SIN | G17: SIN着/Dorsettフロント対応 | H17: 名札・受付準備/Zoom設定 | I17: 公邸受付(3人目)/写真 | J17: Zoom・AI翻訳/写真 | K17: 受付/Zoom/写真/Gala | L17: Zoom・AI翻訳/写真 | M17: Japan Pavilion/参加者誘導 | N17: SIDEX(写真・誘導) | O17: Exhibition Tour誘導/閉会 | P17: 見送り/帰国
A18: =人員一覧・判定!B17 -> 塩見 有美 | F18: 【推奨】KIX-SIN | G18: SIN着/Dorsettフロント対応 | H18: ウズベキスタン等対応/資料 | I18: 公邸受付/レセプション | J18: Opening/参加者誘導 | K18: RT記録・サマリー補助/Gala | L18: Tech Session記録/サマリー | M18: Field Trip/Parade Dinner | N18: SIDEX Keynote/サマリー | O18: Panel2/閉会 | P18: 帰国
A19: 在場人数(確定・見込) | B19: =COUNTA(B6:B16)-COUNTIF(B6:B16,"*未手配*")-COUNTIF(B6:B16,"*要確認*")-COUNTIF(B6:B16,"*NRT着*")-COUNTIF(B6:B16,"*HND着*")-COUNTIF(B6:B16,"*KIX着*")-COUNTIF(B6:B16,"*GVA着*") -> 0 | C19: =COUNTA(C6:C16)-COUNTIF(C6:C16,"*未手配*")-COUNTIF(C6:C16,"*要確認*")-COUNTIF(C6:C16,"*NRT着*")-COUNTIF(C6:C16,"*HND着*")-COUNTIF(C6:C16,"*KIX着*")-COUNTIF(C6:C16,"*GVA着*") -> 0 | D19: =COUNTA(D6:D16)-COUNTIF(D6:D16,"*未手配*")-COUNTIF(D6:D16,"*要確認*")-COUNTIF(D6:D16,"*NRT着*")-COUNTIF(D6:D16,"*HND着*")-COUNTIF(D6:D16,"*KIX着*")-COUNTIF(D6:D16,"*GVA着*") -> 3 | E19: =COUNTA(E6:E16)-COUNTIF(E6:E16,"*未手配*")-COUNTIF(E6:E16,"*要確認*")-COUNTIF(E6:E16,"*NRT着*")-COUNTIF(E6:E16,"*HND着*")-COUNTIF(E6:E16,"*KIX着*")-COUNTIF(E6:E16,"*GVA着*") -> 3 | F19: =COUNTA(F6:F16)-COUNTIF(F6:F16,"*未手配*")-COUNTIF(F6:F16,"*要確認*")-COUNTIF(F6:F16,"*NRT着*")-COUNTIF(F6:F16,"*HND着*")-COUNTIF(F6:F16,"*KIX着*")-COUNTIF(F6:F16,"*GVA着*") -> 8 | G19: =COUNTA(G6:G16)-COUNTIF(G6:G16,"*未手配*")-COUNTIF(G6:G16,"*要確認*")-COUNTIF(G6:G16,"*NRT着*")-COUNTIF(G6:G16,"*HND着*")-COUNTIF(G6:G16,"*KIX着*")-COUNTIF(G6:G16,"*GVA着*") -> 8 | H19: =COUNTA(H6:H16)-COUNTIF(H6:H16,"*未手配*")-COUNTIF(H6:H16,"*要確認*")-COUNTIF(H6:H16,"*NRT着*")-COUNTIF(H6:H16,"*HND着*")-COUNTIF(H6:H16,"*KIX着*")-COUNTIF(H6:H16,"*GVA着*") -> 11 | I19: =COUNTA(I6:I16)-COUNTIF(I6:I16,"*未手配*")-COUNTIF(I6:I16,"*要確認*")-COUNTIF(I6:I16,"*NRT着*")-COUNTIF(I6:I16,"*HND着*")-COUNTIF(I6:I16,"*KIX着*")-COUNTIF(I6:I16,"*GVA着*") -> 11 | ... S19: =COUNTA(S6:S16)-COUNTIF(S6:S16,"*未手配*")-COUNTIF(S6:S16,"*要確認*")-COUNTIF(S6:S16,"*NRT着*")-COUNTIF(S6:S16,"*HND着*")-COUNTIF(S6:S16,"*KIX着*")-COUNTIF(S6:S16,"*GVA着*") -> 0
A20: 在場人数(追加推奨2名込) | B20: =B19+COUNTA(B17:B18)-COUNTIF(B17:B18,"*未手配*")-COUNTIF(B17:B18,"*要確認*")-COUNTIF(B17:B18,"*NRT着*")-COUNTIF(B17:B18,"*HND着*")-COUNTIF(B17:B18,"*KIX着*")-COUNTIF(B17:B18,"*GVA着*") -> 0 | C20: =C19+COUNTA(C17:C18)-COUNTIF(C17:C18,"*未手配*")-COUNTIF(C17:C18,"*要確認*")-COUNTIF(C17:C18,"*NRT着*")-COUNTIF(C17:C18,"*HND着*")-COUNTIF(C17:C18,"*KIX着*")-COUNTIF(C17:C18,"*GVA着*") -> 0 | D20: =D19+COUNTA(D17:D18)-COUNTIF(D17:D18,"*未手配*")-COUNTIF(D17:D18,"*要確認*")-COUNTIF(D17:D18,"*NRT着*")-COUNTIF(D17:D18,"*HND着*")-COUNTIF(D17:D18,"*KIX着*")-COUNTIF(D17:D18,"*GVA着*") -> 3 | E20: =E19+COUNTA(E17:E18)-COUNTIF(E17:E18,"*未手配*")-COUNTIF(E17:E18,"*要確認*")-COUNTIF(E17:E18,"*NRT着*")-COUNTIF(E17:E18,"*HND着*")-COUNTIF(E17:E18,"*KIX着*")-COUNTIF(E17:E18,"*GVA着*") -> 3 | F20: =F19+COUNTA(F17:F18)-COUNTIF(F17:F18,"*未手配*")-COUNTIF(F17:F18,"*要確認*")-COUNTIF(F17:F18,"*NRT着*")-COUNTIF(F17:F18,"*HND着*")-COUNTIF(F17:F18,"*KIX着*")-COUNTIF(F17:F18,"*GVA着*") -> 10 | G20: =G19+COUNTA(G17:G18)-COUNTIF(G17:G18,"*未手配*")-COUNTIF(G17:G18,"*要確認*")-COUNTIF(G17:G18,"*NRT着*")-COUNTIF(G17:G18,"*HND着*")-COUNTIF(G17:G18,"*KIX着*")-COUNTIF(G17:G18,"*GVA着*") -> 10 | H20: =H19+COUNTA(H17:H18)-COUNTIF(H17:H18,"*未手配*")-COUNTIF(H17:H18,"*要確認*")-COUNTIF(H17:H18,"*NRT着*")-COUNTIF(H17:H18,"*HND着*")-COUNTIF(H17:H18,"*KIX着*")-COUNTIF(H17:H18,"*GVA着*") -> 13 | I20: =I19+COUNTA(I17:I18)-COUNTIF(I17:I18,"*未手配*")-COUNTIF(I17:I18,"*要確認*")-COUNTIF(I17:I18,"*NRT着*")-COUNTIF(I17:I18,"*HND着*")-COUNTIF(I17:I18,"*KIX着*")-COUNTIF(I17:I18,"*GVA着*") -> 13 | ... S20: =S19+COUNTA(S17:S18)-COUNTIF(S17:S18,"*未手配*")-COUNTIF(S17:S18,"*要確認*")-COUNTIF(S17:S18,"*NRT着*")-COUNTIF(S17:S18,"*HND着*")-COUNTIF(S17:S18,"*KIX着*")-COUNTIF(S17:S18,"*GVA着*") -> 0
A21: ※自動計算は『記入があり、かつ未手配・要確認・日本側到着(NRT着/HND着/KIX着/GVA着)を除く』人数で、フライト移動中を含む。黄色行（藤本・塩見）は追加推奨の仮置き。

Sheet 27Oct(Day0)
A1: 27 OCT 2026 (TUE) Day 0: 参加者到着・大使公邸レセプション（SJ60 Commemorative Reception）
B3: 7:00 | D3: 8:00 | F3: 9:00 | H3: 10:00 | J3: 11:00 | L3: 12:00 | N3: 13:00 | P3: 14:00 | R3: 15:00 | T3: 16:00 | V3: 17:00 | X3: 18:00 | Z3: 19:00 | AB3: 20:00 | AD3: 21:00 | AF3: 22:00
A4: PROGRAM | B4: 参加者到着(Dorsett): 07:15モルディブ/08:10スリランカ/08:45アルメニア・トルコ・ウズベキスタン/11:15パキスタン/11:20インドネシア | L4: 到着: 12:20マレーシア/14:30ブルネイ/14:50タイ/15:10ミャンマー | T4: 大使公邸 設営（名札セット持込・受付配置） | Y4: レセプション 18:30開始(大使挨拶・乾杯・内閣府発表) 20:00中締め | AC4: 撤収
A6: =人員一覧・判定!B5 -> 三浦 房紀 | X6: レセプション出席(VIP)
A7: =人員一覧・判定!B6 -> 北本 政行 | H7: 事前ブリーフィング(荒木田・児玉) | X7: レセプション出席(VIP)
A8: =人員一覧・判定!B7 -> 宮木 一寛 | F8: 内閣府(林統括官)到着対応・打合せ | W8: レセプション(大使・内閣府対応)
A9: =人員一覧・判定!B8 -> 児玉 美樹 | F9: 公邸・ケータリング最終確認 | T9: 公邸設営・MC進行確認 | Y9: MC/進行
A10: =人員一覧・判定!B9 -> 荒木田 勝 | F10: Peridot会場確認 | H10: 北本ブリーフィング | N10: 機材・Zoom・AI翻訳準備 | T10: 公邸設営・運営・撤収
A11: =人員一覧・判定!B10 -> 吉田 真紀 | F11: RTステートメント確認 | T11: 公邸受付準備 | Y11: 受付/進行補佐
A12: =人員一覧・判定!B11 -> 藤中 純子 | D12: Dorsett受付(到着者対応) | T12: 公邸受付準備(名札セット) | Y12: 受付/名札配布
A13: =人員一覧・判定!B12 -> 田中 智美 | D13: Dorsett受付(到着者・送迎確認) | T13: 公邸受付準備 | Y13: 受付/名札配布
A14: =人員一覧・判定!B13 -> 池田 誠 | F14: Peridot AV確認/Japan Pavilion | N14: 機材準備 | W14: レセプション(設営補助)
A15: =人員一覧・判定!C14 -> Gerald Ejem Potutan | F15: RT/Summary準備 | W15: レセプション
A16: =人員一覧・判定!C15 -> Mizan Bisri | F16: 登壇者連絡・接続テスト | W16: レセプション
A17: =人員一覧・判定!B16 -> 藤本 絢子 | F17: 【推奨】Dorsett受付3人目/名札・Zoom設定 | T17: 【推奨】公邸受付/写真
A18: =人員一覧・判定!B17 -> 塩見 有美 | F18: 【推奨】到着者対応(ウズベキスタン等) | W18: 【推奨】レセプション受付補助
A19: 稼働人数(自動) | B19: =COUNTA(B6:B18) -> 0 | C19: =COUNTA(C6:C18) -> 0 | D19: =COUNTA(D6:D18) -> 2 | E19: =COUNTA(E6:E18) -> 0 | F19: =COUNTA(F6:F18) -> 9 | G19: =COUNTA(G6:G18) -> 0 | H19: =COUNTA(H6:H18) -> 2 | I19: =COUNTA(I6:I18) -> 0 | ... AG19: =COUNTA(AG6:AG18) -> 0
A20: ※稼働人数は各30分列で「文字が入っている先頭セル」のみを数えるため、結合セルの2列目以降は0扱い。人数の目安として『同時刻に業務が始まる人数』を示す（正確な在場人数は動態表(日別)を参照）。
A21: ギャップ: (1) 18:30-21:00に受付(名札セット配布100-120名)・MC・VIP対応・写真・バス誘導(Dorsett→公邸)が同時発生。受付2名(藤中・田中)＋吉田で名札配布、写真担当が空白。(2) 日中はDorsett到着対応と公邸設営準備が並行し、荒木田・池田は機材、児玉は公邸に張り付くため、Dorsettに残るのは藤中・田中の2名のみ。

Sheet 28Oct(Day1)
A1: 28 OCT 2026 (WED) Day 1: Joint Opening / ACDR Opening / Roundtable / SC / Gala Dinner
B3: 7:00 | D3: 8:00 | F3: 9:00 | H3: 10:00 | J3: 11:00 | L3: 12:00 | N3: 13:00 | P3: 14:00 | R3: 15:00 | T3: 16:00 | V3: 17:00 | X3: 18:00 | Z3: 19:00 | AB3: 20:00 | AD3: 21:00 | AF3: 22:00
A4: PROGRAM | C4: 会場・NW最終テスト(演台・客席・事務局部屋)／事務局部屋立上げ／Hotel Mi→EXPO バス | H4: Joint Opening (Hall 3) | I4: VIP Tour(Japan Pavilion Opening)／11:15表敬 | K4: Lunch (Hall 3) | M4: ACDR Opening | N4: Roundtable (Peridot) SCDFモデレーター+メンバー国Co-Mod | S4: Steering Committee | W4: Dorsett 17:30発→Orchard Hotel | Y4: SIDEX Gala Dinner (Grand Ballroom)
A6: =人員一覧・判定!B5 -> 三浦 房紀 | G6: Joint Opening/VIP Tour | M6: ACDR Opening 挨拶 | N6: Roundtable | S6: SC | W6: Gala
A7: =人員一覧・判定!B6 -> 北本 政行 | G7: Joint Opening/VIP Tour | M7: Opening/Roundtable | S7: SC | W7: Gala
A8: =人員一覧・判定!B7 -> 宮木 一寛 | F8: 内閣府随行(Opening/VIP Tour/表敬) | M8: Opening/RT(内閣府随行) | S8: SC(議長=内閣府 補佐) | W8: Gala(内閣府随行)
A9: =人員一覧・判定!B8 -> 児玉 美樹 | C9: 会場テスト/事務局部屋 | G9: 内閣府随行・VIP動線 | M9: RT(バイ会談調整) | S9: SC | V9: Gala引率(バス)
A10: =人員一覧・判定!B9 -> 荒木田 勝 | C10: 会場・NW・Zoom・AI翻訳テスト | G10: Opening進行確認/VIP Tour同行 | M10: ACDR Opening進行 | N10: RT AV/Zoom運用 | S10: SC(記録) | W10: Gala
A11: =人員一覧・判定!B10 -> 吉田 真紀 | D11: RT準備(ステートメント・席札) | G11: 参加者誘導(Hall3→昼食) | M11: RT運営(PIC) | S11: SC補助 | V11: Gala引率
A12: =人員一覧・判定!B11 -> 藤中 純子 | D12: 受付デスク(Peridot) | M12: 受付/RT | S12: SC事務(会計報告) | W12: Gala
A13: =人員一覧・判定!B12 -> 田中 智美 | D13: 受付デスク(Peridot) | M13: 受付/RT | S13: 受付 | V13: Gala引率(名簿)
A14: =人員一覧・判定!B13 -> 池田 誠 | C14: 会場AVテスト | G14: Japan Pavilion連携 | M14: RT PC・スクリーン操作 | S14: SC(AV) | W14: Gala
A15: =人員一覧・判定!C14 -> Gerald Ejem Potutan | G15: Opening | M15: RT共同運営/ノート | S15: SCメモ | W15: Gala | AD15: Draft Summary執筆
A16: =人員一覧・判定!C15 -> Mizan Bisri | G16: Opening | M16: RTノート/翌日登壇者対応 | S16: 登壇者リハ調整 | W16: Gala
A17: =人員一覧・判定!B16 -> 藤本 絢子 | C17: 【推奨】Zoom/AI翻訳セットアップ | G17: 【推奨】写真/誘導 | M17: 【推奨】Zoom・AI翻訳オペ/写真 | W17: 【推奨】Gala(写真)
A18: =人員一覧・判定!B17 -> 塩見 有美 | G18: 【推奨】参加者誘導 | M18: 【推奨】RT記録 | S18: 【推奨】SC記録補助 | W18: 【推奨】Gala
A19: 稼働人数(自動) | B19: =COUNTA(B6:B18) -> 0 | C19: =COUNTA(C6:C18) -> 4 | D19: =COUNTA(D6:D18) -> 3 | E19: =COUNTA(E6:E18) -> 0 | F19: =COUNTA(F6:F18) -> 1 | G19: =COUNTA(G6:G18) -> 10 | H19: =COUNTA(H6:H18) -> 0 | I19: =COUNTA(I6:I18) -> 0 | ... AG19: =COUNTA(AG6:AG18) -> 0
A20: ※稼働人数は各30分列で「文字が入っている先頭セル」のみを数えるため、結合セルの2列目以降は0扱い。人数の目安として『同時刻に業務が始まる人数』を示す（正確な在場人数は動態表(日別)を参照）。
A21: ギャップ: (1) 07:30-09:30 会場テストと同時にHotel Mi→EXPOバス・Dorsett出発対応が必要だが、機材担当(荒木田・池田)がテスト、児玉は内閣府対応で受付は藤中・田中のみ。(2) 10:00-11:45 Hall3(Opening/VIP Tour)とPeridot(受付・設営)に分かれ、VIP随行(宮木・児玉・荒木田)が抜ける間のPeridot側は藤中・田中・吉田のみ。(3) Roundtable中はAV/Zoom(荒木田・池田)、進行(吉田・Gerry)、ノート(Gerry・Mizan)、受付(藤中・田中)で全員が張り付き、写真・バイ会談・急病等の予備要員がゼロ。(4) Gala出発17:30はSC終了16:45の45分後で、撤収要員が不足。

Sheet 29Oct(Day2)
A1: 29 OCT 2026 (THU) Day 2: Technical Session / Closing / Field Trip (CDA) / SCDF Parade & Dinner
B3: 7:00 | D3: 8:00 | F3: 9:00 | H3: 10:00 | J3: 11:00 | L3: 12:00 | N3: 13:00 | P3: 14:00 | R3: 15:00 | T3: 16:00 | V3: 17:00 | X3: 18:00 | Z3: 19:00 | AB3: 20:00 | AD3: 21:00 | AF3: 22:00
A4: PROGRAM | D4: 会場準備(ステージ前方へ・テーブルマイク)／登壇者集合・接続確認 | G4: Technical Session (Peridot) SCDF+ADRC Co-Chair | K4: Summary & Closing | L4: Lunch | N4: Field Trip: Civil Defence Academy（Flyer 8/26版は13:00発） | Y4: SCDF Parade (Hall 4) | AB4: Parade Dinner (Garnet Room)
A6: =人員一覧・判定!B5 -> 三浦 房紀 | G6: Tech Session/Closing | N6: Field Trip | Y6: Parade & Dinner
A7: =人員一覧・判定!B6 -> 北本 政行 | G7: Tech Session/Closing | N7: Field Trip(任意) | Y7: Parade & Dinner
A8: =人員一覧・判定!B7 -> 宮木 一寛 | G8: Tech Session/Closing(内閣府随行) | N8: 内閣府随行/バイ会談 | Y8: Parade & Dinner
A9: =人員一覧・判定!B8 -> 児玉 美樹 | D9: 会場準備 | G9: Tech Session(バイ会談調整) | N9: 事務局撤収/Day3準備/バイ会談 | Y9: Parade & Dinner
A10: =人員一覧・判定!B9 -> 荒木田 勝 | D10: AV/Zoom準備・登壇者確認 | G10: Tech Session AV/Zoom運用 | K10: Summary/Closing進行 | M10: Field Trip引率(バス) | Y10: Parade & Dinner
A11: =人員一覧・判定!B10 -> 吉田 真紀 | D11: 参加者誘導・Field Trip名簿 | G11: Tech Session記録 | M11: Field Trip引率(バス) | Y11: Parade & Dinner
A12: =人員一覧・判定!B11 -> 藤中 純子 | D12: 受付デスク/支払・清算 | N12: 事務局撤収/ホテル・バス精算 | Y12: Parade & Dinner
A13: =人員一覧・判定!B12 -> 田中 智美 | D13: 受付デスク/登壇者受付 | M13: Field Trip名簿/バス点呼 | Y13: Parade & Dinner
A14: =人員一覧・判定!B13 -> 池田 誠 | D14: 登壇者集合・スライド確認 | G14: Tech Session運営(PIC) | N14: SIDEX展示/Japan Pavilion調整 | Y14: Parade & Dinner
A15: =人員一覧・判定!C14 -> Gerald Ejem Potutan | D15: Draft Summary仕上げ | G15: Tech Sessionノート | K15: Summary | N15: Field Trip | Y15: Parade & Dinner
A16: =人員一覧・判定!C15 -> Mizan Bisri | D16: 登壇者対応・進行確認 | G16: Tech Session ADRC Co-Chair | N16: Field Trip | Y16: Parade & Dinner
A17: =人員一覧・判定!B16 -> 藤本 絢子 | D17: 【推奨】Zoom/AI翻訳準備 | G17: 【推奨】Zoom・AI翻訳オペ/写真 | N17: 【推奨】Field Trip写真 or 事務局撤収 | Y17: 【推奨】Parade(写真)
A18: =人員一覧・判定!B17 -> 塩見 有美 | D18: 【推奨】登壇者(ウズベキスタン)対応 | G18: 【推奨】Tech Session記録/サマリー補助 | N18: 【推奨】Field Trip | Y18: 【推奨】Parade & Dinner
A19: 稼働人数(自動) | B19: =COUNTA(B6:B18) -> 0 | C19: =COUNTA(C6:C18) -> 0 | D19: =COUNTA(D6:D18) -> 10 | E19: =COUNTA(E6:E18) -> 0 | F19: =COUNTA(F6:F18) -> 0 | G19: =COUNTA(G6:G18) -> 11 | H19: =COUNTA(H6:H18) -> 0 | I19: =COUNTA(I6:I18) -> 0 | ... AG19: =COUNTA(AG6:AG18) -> 0
A20: ※稼働人数は各30分列で「文字が入っている先頭セル」のみを数えるため、結合セルの2列目以降は0扱い。人数の目安として『同時刻に業務が始まる人数』を示す（正確な在場人数は動態表(日別)を参照）。
A21: ギャップ: (1) Technical SessionはMizan=Co-Chair、池田=PIC、荒木田=AV/Zoomで、登壇者6名（JAXA・EOS-NTU/BRIN・DOST/ネパール・Google・ウズベキスタン・日本）の個別対応と時間管理を行う『フロア担当』が不在。(2) 11:45-12:00のSummary & ClosingはRT(前日)の要約が前提で、Gerryが前夜〜当朝に単独で執筆する構造。塩見の記録補助があれば負荷分散できる。(3) Field Trip(13:00発)と事務局撤収・Day3準備・バイ会談が同時進行し、荒木田・吉田・田中が引率で抜けるため、会場に残るのは児玉・藤中・池田。

Sheet 30Oct(Day3)
A1: 30 OCT 2026 (FRI) Day 3: SIDEX-ACDR Keynote / Panels / Exhibition Tour / Closing / 出発
B3: 7:00 | D3: 8:00 | F3: 9:00 | H3: 10:00 | J3: 11:00 | L3: 12:00 | N3: 13:00 | P3: 14:00 | R3: 15:00 | T3: 16:00 | V3: 17:00 | X3: 18:00 | Z3: 19:00 | AB3: 20:00 | AD3: 21:00 | AF3: 22:00
A4: PROGRAM | F4: Keynote & Panel 1 (Hall 3) | L4: Lunch | O4: Exhibition Tour | R4: Panel 2 | U4: Closing Ceremony | V4: 出発: 荒木田22:20/北本23:55/吉田23:15/アゼルバイジャン23:15/インドネシア22:40/モンゴル23:55、三浦・韓国は10/31 01:20-01:35
A6: =人員一覧・判定!B5 -> 三浦 房紀 | F6: Keynote/Panel1 | O6: Exhibition Tour/Panel2/Closing | AD6: 空港へ(SQ656 01:20)
A7: =人員一覧・判定!B6 -> 北本 政行 | F7: Keynote/Panel1 | O7: Exhibition Tour/Panel2/Closing | AC7: 空港へ(SQ638 23:55)
A8: =人員一覧・判定!B7 -> 宮木 一寛 | F8: Keynote/Panel1(内閣府随行) | O8: Exhibition Tour/Panel2/Closing | V8: 内閣府見送り/総括
A9: =人員一覧・判定!B8 -> 児玉 美樹 | F9: Keynote/Panel1 | O9: Exhibition Tour(誘導)/Panel2 | V9: 出発対応(Dorsett)・COSEM精算打合せ
A10: =人員一覧・判定!B9 -> 荒木田 勝 | F10: Keynote/Panel1(リソース対応) | O10: Exhibition Tour/Panel2/Closing | V10: 総括・引継ぎ | AA10: 空港へ(NH844 22:20)
A11: =人員一覧・判定!B10 -> 吉田 真紀 | F11: Keynote/Panel1 | O11: Exhibition Tour/Panel2 | V11: 参加者出発案内 | AB11: 空港へ(TK55 23:15)
A12: =人員一覧・判定!B11 -> 藤中 純子 | F12: 受付/清算 | O12: 会場(受付) | V12: Dorsett出発対応・支払
A13: =人員一覧・判定!B12 -> 田中 智美 | F13: 受付 | O13: 会場(受付) | V13: Dorsett出発対応・送迎確認
A14: =人員一覧・判定!B13 -> 池田 誠 | F14: Keynote/Panel1 | O14: Exhibition Tour誘導(Japan Pavilion) | R14: Panel2/Closing | V14: 機材撤収
A15: =人員一覧・判定!C14 -> Gerald Ejem Potutan | F15: Keynote/Panel1/Summary最終化 | O15: Exhibition Tour/Panel2
A16: =人員一覧・判定!C15 -> Mizan Bisri | F16: Keynote/Panel1 | O16: Exhibition Tour/Panel2
A17: =人員一覧・判定!B16 -> 藤本 絢子 | F17: 【推奨】写真/誘導 | O17: 【推奨】Exhibition Tour誘導/写真 | V17: 【推奨】出発対応
A18: =人員一覧・判定!B17 -> 塩見 有美 | F18: 【推奨】Keynote記録 | O18: 【推奨】参加者誘導 | V18: 【推奨】出発対応
A19: 稼働人数(自動) | B19: =COUNTA(B6:B18) -> 0 | C19: =COUNTA(C6:C18) -> 0 | D19: =COUNTA(D6:D18) -> 0 | E19: =COUNTA(E6:E18) -> 0 | F19: =COUNTA(F6:F18) -> 13 | G19: =COUNTA(G6:G18) -> 0 | H19: =COUNTA(H6:H18) -> 0 | I19: =COUNTA(I6:I18) -> 0 | ... AG19: =COUNTA(AG6:AG18) -> 0
A20: ※稼働人数は各30分列で「文字が入っている先頭セル」のみを数えるため、結合セルの2列目以降は0扱い。人数の目安として『同時刻に業務が始まる人数』を示す（正確な在場人数は動態表(日別)を参照）。
A21: ギャップ: (1) 10/30夜〜10/31午前に出発が集中（メンバー国15組以上、役員3名）し、荒木田・吉田・北本・三浦が当夜に離脱。10/31朝の見送り・ホテル清算は藤中・田中・児玉・宮木・池田・Gerryで対応することになる。(2) Exhibition Tour(13:50-14:50)でメンバー国参加者をJapan Pavilionへ誘導する担当が池田1名。

Sheet 人員ギャップ分析
A1: 機能別 必要人数と充足状況（現時点の確定・見込メンバーでの判定）
A2: 判定の前提: 役員3名（三浦・北本・宮木）はVIP／代表として扱い運営要員に数えない。MizanはCo-Chair前提で「見込」。SCDF/COSEMがMC・モデレーター・会場・バス・名札印刷・登録システムを担う（5月合同会議・8/6デマケ）。
A4: 機能 | B4: ピーク時間帯 | C4: 必要人数(目安) | D4: 現在の担当（確定・見込） | E4: 充足 | F4: ギャップ・リスク | G4: 対応案（追加要員の配置）
A5: 受付・参加者デスク（会場／公邸／ホテル） | B5: 10/26夕〜10/27（到着・名札配布）、10/28-29終日 | C5: 3 | D5: 藤中、田中（＋吉田は10/27夜・10/28午前のみ） | E5: △ | F5: ACDR2023は3名体制（堀池・藤中・田中）。今回は名札セットのQR配布(100-120名)と宿泊37室/泊の対応が加わる。急病・遅延・ビザ問題が出ると即座に詰まる。 | G5: 藤本を3人目として配置（本人8/7『アドミサポート・会議補助なら可』）。または寺坂（デマケ上のリスト出力担当）。
A6: AV・PC・Zoom・AI翻訳オペレーション | B6: 10/28 07:30-16:45、10/29 08:00-12:00 | C6: 2（うち1名は専任） | D6: 荒木田、池田（デマケ: 会場手配・機材・Zoom当日） | E6: × | F6: 荒木田はOpening/Closing進行・VIP同行、池田はTech Session PICで、セッション中に専任オペが不在になる。AI翻訳ツールは今回初導入（GI記載）でトラブル対応要員が必要。 | G6: 藤本（デマケ上Zoom webinar設定担当）を現地でZoom/AI翻訳専任に。会場AVはSCDF側スタッフに操作依頼できるか9月合同会議で確認。
A7: セッション運営（RT・Tech Session） | B7: 10/28 13:00-15:30、10/29 09:30-12:00 | C7: 3（PIC・Co-Chair・フロア） | D7: RT: 吉田・Gerry／TS: Mizan(Co-Chair)・池田 | E7: △ | F7: TSはMizanが登壇側に回ると、登壇者6名の誘導・時間管理・Q&A取次を行うフロア担当が池田1名。Said Faisal辞退後のSCDF側モデレーターも未確定。 | G7: 塩見をRT/TSの記録・フロア補助に配置。SCDF側モデレーター確定をSylviaへ再確認。
A8: 記録・Draft Summary・Closing要約 | B8: 10/28夜〜10/29 11:45 | C8: 2 | D8: Gerry、Mizan（デマケ: Draft Summary） | E8: × | F8: MizanがCo-Chairなら実質Gerry1名。RT(2.5h)＋TS(2h)の要約を当日昼までに出すことが難しい。 | G8: 塩見を記録・サマリー補助に。
A9: VIP・内閣府随行（林統括官＋随行2名） | B9: 10/27夕〜10/30終日 | C9: 1.5（常時1名＋バイ会談時+1） | D9: 宮木、児玉（デマケ: 内閣府連絡調整・Bi-meeting） | E9: △ | F9: 林氏は『英語はすべて忘れた』（児玉8/28）。表敬・VIP Tour・バイ会談・Gala・SCDF Parade全てに日英サポートが必要で、もし児玉が張り付くと現場統括とレセプションMCが空く。 | G9: 内閣府対応を考慮し児玉を特定業務に配置せず、レセプションMCを吉田、現場統括の実務を藤中・田中に寄せる。Day0-1は通訳手配（内閣府側予算）も要検討。
A10: 写真・動画記録（Highlight Movie含む） | B10: 会期中全日 | C10: 1 | D10: 担当なし（デマケ: 広報=Gerry・藤本、撮影担当は5月チェックリストで『未対応』） | E10: × | F10: 公式記録写真・SNS・報告書用素材の撮影者が未定。COSEMカメラマンの有無も未確認。 | G10: 藤本が現地参加すれば写真担当を兼務。COSEMの公式カメラマン共有を9月に確認。
A11: SIDEX展示・Japan Pavilion連携／参加者誘導（Hall3⇔Peridot） | B11: 10/28 10:30-12:45、10/29午後、10/30 13:50-14:50 | C11: 2 | D11: 池田、Mizan（デマケ: SIDEX Exhibition） | E11: △ | F11: 荒木田8/6『もう一人か二人必要』と認識済み。Mizanは10/29午前Co-Chair、池田はTS PICで同時間帯に動けない。 | G11: 藤本または塩見を誘導担当に。SCDFのリエゾン配置も要請。
A12: Field Trip引率（CDA、バス点呼） | B12: 10/29 13:00-17:15 | C12: 2-3 | D12: 荒木田、吉田（デマケ）、田中（名簿） | E12: ○ | F12: 引率自体は足りるが、同時刻に会場撤収・Day3準備・バイ会談が残る（児玉・藤中・池田）。 | G12: 現状維持。塩見参加で引率を1名追加可能。
A13: 到着・出発対応（空港・ホテル） | B13: 10/26 15:00-24:00、10/27午前、10/30夜〜10/31午前 | C13: 2 | D13: 藤中、田中（COSEMが空港送迎） | E13: △ | F13: 10/26は先発2名＋当日到着組で対応するが、荒木田は早朝着、池田・Gerryは夕方着。10/31朝は荒木田・吉田・北本・三浦が既に帰国。 | G13: 10/26夕方のDorsett詰めに藤本を追加。必要であれば10/31は児玉・宮木・池田・Gerryが見送りを分担。
A15: 結論（案）
A16: 1. 現時点の現地要員は役員3名＋運営8名（荒木田・児玉・吉田・藤中・田中・池田・Gerry・Mizan）。
A17: 2. 運営8名でも、受付3人目・AV/Zoom専任・記録/サマリー・写真・誘導の5機能が同時に空くため、最低1名、望ましくは2名の追加が必要。
A18: 3. 追加候補は (a) 藤本：Zoom設定・広報・リスト出力担当で受付/AV/写真を兼務できる。(b) 塩見：サマリー担当、セッション補助。
A19: 4. 追加2名の概算増: 航空券（関空LCC）約15万円×2＋Hotel Mi 6泊約10万円×2＋日当 ≒ 55-60万円。ACDR2026予算.xlsx(8/21)の『スタッフ宿泊 1,120,000円』は70泊分で、現在の確定分（約45泊）に対し余裕あり。一方、藤中は既に総額1,695万円で2月見積(1,664万円)超過を指摘しており、メンバー国参加が20か国未満で収まるか（現状17か国程度）が財源の鍵。
A20: 5. 追加派遣を決める前に確認すべきこと: ①宮木・児玉の航空券と宿泊先（Dorsett/Hotel Miの二重記載）、②池田・Gerryの最終便名（SQ619/622かScoot）、③Mizanの手配状況、④SCDF側モデレーター・カメラマン・AV操作者の有無（9月合同会議）、⑤森口の現地派遣の要否（予算14名に含まれるが根拠なし）。

Sheet 参加者到着・出発(8月28日時点)
A1: メンバー国等 到着・出発予定（ホテル部屋数検討用リスト_tt.xlsx Dorsettシート, as of 2026/8/25-28）
A2: ※TBDは招待済みで人選未定。DS=Dorsett自己負担。到着時刻はCOSEM送迎・Dorsett受付配置の検討用。
A4: 国・組織 | B4: 氏名 | C4: 到着日 | D4: 到着時刻 | E4: 出発日 | F4: 出発時刻 | G4: 便名(到着/出発) | H4: 宿泊 | I4: Field Trip | J4: 備考
A5: モルディブ | B5: Hassan Hisan (Chief Executive, NDMA) | C5: 10/27 | D5: 07:15 | E5: 10/31 | F5: 10:25 | G5: ― | H5: D | I5: Yes | J5: Halal
A6: アルメニア | B6: Syuzanna Vardazari Kakoyan | C6: 10/27 | D6: 08:45 | E6: 11/1 | F6: ― | G6: TK208/TK209 | H6: D(+10/31 DS) | I6: Yes | J6: 本人希望で1泊延長
A7: アゼルバイジャン | B7: Zamanov Niyazi | C7: 10/26 | D7: 17:40 | E7: 10/30 | F7: 23:15 | G7: TK335/TK54 | H7: D | I7: Yes | J7: Halal
A8: アゼルバイジャン | B8: Rustamzade Kamran | C8: 10/26 | D8: 17:40 | E8: 10/30 | F8: 23:15 | G8: TK335/TK54 | H8: DS | I8: Yes | J8: Halal
A9: トルコ | B9: Pehlivan Ali Hamza (Governor/Head of AFAD) | C9: 10/27 | D9: 08:45 | E9: 10/31 | F9: 10:25 | G9: ―/TK209 | H9: D | I9: Yes | J9: Halal
A10: トルコ | B10: Yaman Muhammet Maruf | C10: 10/27 | D10: 08:45 | E10: 10/31 | F10: 10:25 | G10: ―/TK209 | H10: DS | I10: Yes | J10: Halal
A11: モンゴル | B11: Nyambayar Tsedev (Director, NEMA) | C11: 10/26 | D11: 21:55 | E11: 10/30 | F11: 23:55 | G11: CA969/CA970 | H11: D | I11: Yes | J11: 中国国際航空(北京経由)
A12: フィジー | B12: Naipolioni Dabea Boseiwaqa (Director, NDRMO) | C12: 10/26 | D12: 21:35 | E12: 10/31 | F12: 13:40 | G12: ― | H12: D | I12: No
A13: スリランカ | B13: Maj.Gen.(Retd.) Kotuwegoda (DG, DMC) | C13: 10/27 | D13: 08:10 | E13: 10/31 | F13: 09:40 | G13: ― | H13: D | I13: No
A14: マレーシア | B14: Ezrin Rozani Bin Rosli (NADMA) | C14: 10/27 | D14: 12:20 | E14: 10/31 | F14: 12:45 | G14: ― | H14: D(10/27-) | I14: Yes | J14: Halal
A15: 韓国 | B15: Byungim So (MOIS) | C15: 10/26 | D15: 20:25 | E15: 10/31 | F15: 01:35 | G15: ― | H15: D | I15: No
A16: 韓国 | B16: TBD ×2 | C16: 10/26 | D16: 20:25 | E16: 10/31 | F16: 01:35 | G16: ― | H16: DS
A17: ベトナム | B17: Doan Thi Tuyet Nga ほかTBD | C17: 10/26 | D17: 17:20 | E17: 10/31 | F17: 12:35 | G17: ― | H17: D/DS | J17: 8/27登録、2人目の可能性
A18: ウズベキスタン | B18: TBD ×2（1名はTSスピーカー） | C18: 10/27 | D18: 08:45 | E18: 10/31 | F18: 10:25 | G18: ― | H18: D×2 | J18: 宿泊負担の整理未了（田中8/31）
A19: フィリピン | B19: TBD ×2 | C19: 10/26 | D19: 18:00 | E19: 10/31 | F19: 12:10 | G19: ― | H19: D/DS
A20: ブルネイ | B20: TBD ×2 | C20: 10/27 | D20: 14:30 | E20: 10/31 | F20: 09:00 | G20: ― | H20: D/DS
A21: ブータン | B21: TBD | C21: 10/26 | D21: 19:30 | E21: 11/1 | F21: 12:30 | G21: ― | H21: D
A22: PNG | B22: TBD | C22: 10/26 | D22: 19:30 | E22: 10/31 | F22: 20:40 | G22: ― | H22: D
A23: タイ | B23: TBD | C23: 10/27 | D23: 14:50 | E23: 10/31 | F23: 12:25 | G23: ― | H23: D(10/27-) | I23: No
A24: カンボジア | B24: TBD | C24: 10/26 | D24: 18:00 | E24: 10/31 | F24: 12:45 | G24: ― | H24: D | J24: 9/1登録あり
A25: ミャンマー | B25: TBD | C25: 10/27 | D25: 15:10 | E25: 10/31 | F25: 13:45 | G25: ― | H25: D(10/27-)
A26: インドネシア | B26: TBD | C26: 10/27 | D26: 11:20 | E26: 10/30 | F26: 22:40 | G26: ― | H26: D(10/27-)
A27: パキスタン | B27: TBD | C27: 10/27 | D27: 11:15 | E27: 10/31 | F27: 12:25 | G27: ― | H27: D(10/27-)
A28: インド | B28: 3名（8/28登録、9/3に2人目確認） | C28: 10/26 | D28: 18:00 | E28: 10/31 | F28: 16:40 | G28: ― | H28: D+DS×2
A29: 内閣府（日本） | B29: 林 正道 政策統括官 ＋随行2名 | C29: 10/26 | D29: 15:00 | E29: 10/31 | F29: 01:20 | G29: ― | H29: DS×2(+林氏) | J29: CV準備中。英語サポート要
A30: リソース | B30: TSスピーカー2名（海外） | C30: 10/27 | D30: ― | E30: 10/31 | F30: ― | G30: ― | H30: D×2 | J30: JAXA川北氏確定、他調整中
A31: 観察者・一般 | B31: ADPC 2名、AHA Centre、JICAフィジー、東北大小野教授、仙台市3名、Mercy Malaysia、大学関係 等 | C31: ― | D31: ― | E31: ― | F31: ― | G31: ― | H31: 自己手配 | J31: 昼食提供対象
A33: Dorsett確保数（8/28にCOSEMへ通知）: 10/26 29室、10/27-30 37室/泊、10/31 2室、計180 room nights。9/28に10%リリース可、以後100%課金。

Sheet 出典・前提
A1: 出典と前提（本表は2026/9/4時点の一次資料から作成。未確認事項は各シートに明記）
A3: # | B3: 資料 | C3: 本表での使用箇所
A4: 1 | B4: Gmail: 荒木田→研究部・事務局 2026/9/2「ACDR2026打合せ」(9/4 15-16時所内打合せ) | C4: 児玉9/3『役割分担等再確認』の指示
A5: 2 | B5: Gmail: 荒木田→塩見 2026/9/4「日程について」返信 | C5: 塩見への現地参加打診（未回答）
A6: 3 | B6: Gmail: 荒木田→藤本 2026/8/6「ACDR2026に行きませんか」／藤本 8/7返信 | C6: 追加要員1-2名の必要性、藤本の参加可否
A7: 4 | B7: Gmail添付: ACDR2026_Demarcation_asof0805.pptx（荒木田→藤本 8/6） | C7: 役割分担（8/6版）
A8: 5 | B8: Gmail添付: ホテル部屋数検討用リスト _tt.xlsx（田中→藤中・荒木田・児玉 8/28） | C8: スタッフ・参加者の到着/出発・宿泊
A9: 6 | B9: Gmail: 事務局→Sylvia(COSEM) 8/28「Hotel Guest Rooms as of 28 August」／藤中 9/1返信 | C9: Dorsett 180 room nights
A10: 7 | B10: Gmail添付: ACDR2026予算.xlsx（藤中→荒木田・児玉 8/21） | C10: スタッフ14名リスト、旅費・宿泊予算、超過見込み
A11: 8 | B11: Gmail添付: ACDR2026_Draft_Agenda_EN_0805r.docx（児玉 8/5）＋Flyer 8/26版（Field Trip 13:00） | C11: 会期プログラム
A12: 9 | B12: Gmail: 藤中 7/15「三浦センター長のフライト」／7/29-31「シンガポール行きのフライト【ACDR2026】」(北本)／7/10「田中・藤中のフライト」／7/21「スイス発着のフライト」(吉田)／7/29「Flight to Singapore for ACDR2026」(池田・Gerry)／7/31「池田さん、Gerryさんのふらいとについて」 | C12: 各人のフライト
A13: 10 | B13: Gmail: 児玉→宮木・荒木田 8/28「SIDEX-ACDR2026: 日本（内閣府）からの出席者決定」 | C13: 林正道氏出席、英語サポート要
A14: 11 | B14: Gmail: 児玉→荒木田・池田・Mizan 8/28／Mizan 8/31／荒木田 8/31「テクニカルセッション準備状況」 | C14: Co-Chair人選、登壇者状況、期限設定
... A17: 14 | B17: Googleドライブ: ACDR2026_General Information (UNDRR).pdf | C17: 日程・会場・AI翻訳ツール試行・登録期限9/20
B19: 前提・限界
B20: ・指定されたDropboxフォルダ（C:\Users\arakida\Dropbox\araarashare\JOB\ADRC\ACDR\）およびダウンロードフォルダは、この作業環境（クラウド上のLinuxコンテナ）から参照できないため未使用。同フォルダにある最新のデマケ・動態表があれば本表と突合が必要。
B21: ・宮木・児玉の航空券は個人メールに記録がなく（管理部手配の可能性）、到着日は8/28リストの記載（10/27）をそのまま載せた。
B22: ・時間帯別シートの担当割当は、8/6デマケと2023年の動態表を基にした『第1案』であり、所内打合せで調整する前提。
B23: ・藤本・塩見の行は追加推奨の仮置きで、本人の承諾・手配は未了。
B24: ・稼働人数の自動計算は、結合セルの先頭列のみを数える簡易指標。
